alim_nom_fr;Energie, R�glement UE N� 1169/2011 (kJ/100 g);Energie, R�glement UE N� 1169/2011 (kcal/100 g);Energie, N x facteur Jones, avec fibres  (kJ/100 g);Energie, N x facteur Jones, avec fibres  (kcal/100 g);Eau (g/100 g);Prot�ines, N x facteur de Jones (g/100 g);Prot�ines, N x 6.25 (g/100 g);Glucides (g/100 g);Lipides (g/100 g);Sucres (g/100 g);Fructose (g/100 g);Galactose (g/100 g);Glucose (g/100 g);Lactose (g/100 g);Maltose (g/100 g);Saccharose (g/100 g);Amidon (g/100 g);Fibres alimentaires (g/100 g);Polyols totaux (g/100 g);Cendres (g/100 g);Alcool (g/100 g);Acides organiques (g/100 g);AG satur�s (g/100 g);AG monoinsatur�s (g/100 g);AG polyinsatur�s (g/100 g);AG 4:0, butyrique (g/100 g);AG 6:0, capro�que (g/100 g);AG 8:0, caprylique (g/100 g);AG 10:0, caprique (g/100 g);AG 12:0, laurique (g/100 g);AG 14:0, myristique (g/100 g);AG 16:0, palmitique (g/100 g);AG 18:0, st�arique (g/100 g);AG 18:1 9c (n-9), ol�ique (g/100 g);AG 18:2 9c,12c (n-6), linol�ique (g/100 g);AG 18:3 c9,c12,c15 (n-3), alpha-linol�nique (g/100 g);AG 20:4 5c,8c,11c,14c (n-6), arachidonique (g/100 g);AG 20:5 5c,8c,11c,14c,17c (n-3) EPA (g/100 g);AG 22:6 4c,7c,10c,13c,16c,19c (n-3) DHA (g/100 g);Cholest�rol (mg/100 g);Sel chlorure de sodium (g/100 g);Calcium (mg/100 g);Chlorure (mg/100 g);Cuivre (mg/100 g);Fer (mg/100 g);Iode (�g/100 g);Magn�sium (mg/100 g);Mangan�se (mg/100 g);Phosphore (mg/100 g);Potassium (mg/100 g);S�l�nium (�g/100 g);Sodium (mg/100 g);Zinc (mg/100 g);R�tinol (�g/100 g);Beta-Carot�ne (�g/100 g);Vitamine D (�g/100 g);Vitamine E (mg/100 g);Vitamine K1 (�g/100 g);Vitamine K2 (�g/100 g);Vitamine C (mg/100 g);Vitamine B1 ou Thiamine (mg/100 g);Vitamine B2 ou Riboflavine (mg/100 g);Vitamine B3 ou PP ou Niacine (mg/100 g);Vitamine B5 ou Acide pantoth�nique (mg/100 g);Vitamine B6 (mg/100 g);Vitamine B9 ou Folates totaux (�g/100 g);Vitamine B12 (�g/100 g)
Eau de source, embouteill�e (aliment moyen);0;0;0;0;;0;0;0;0;0;;;;;;;0;0;0;;0;0;;;;;;;;;;;;;;;;;;;;;;;;;;;;;;;;;;;;;;;;;;;;;
Eau min�rale, embouteill�e, faiblement min�ralis�e (aliment moyen);0;0;0;0;100;0;0;0;0;0;;;;;;;0;0;0;0,2;0;0;0;0;0;;;;;;;;;;;;;;;0;0,0019;6,54;1,2;0,0012;0,0033;0;1,64;0,00069;0,0061;0,22;2,23;0,92;0,0047;0;0;0;0;;;0;0;0;0;0;0;0;0
Eau min�rale (aliment moyen);0;0;0;0;99,9;0;0;0;0;0;;;;;;;0;0;0;0,17;0;0;0;0;0;;;;;;;;;;;;;;;0;0,0042;19,3;2,68;0,0012;0,0017;0;4,01;0,0091;0,0034;0,58;2,82;5,02;0,0067;0;0;0;0;;;0;0;0;0;0;0;0;0
Eau min�rale, plate (aliment moyen);0;0;0;0;99,9;0;0;0;0;0;;;;;;;0;0;0;0,19;0;0;0;0;0;;;;;;;;;;;;;;;0;0,0019;20,5;1,2;0,0014;0,0021;0;4,16;0,0008;0,0041;0,26;3,07;0,96;0,0077;0;0;0;0;;;0;0;0;0;0;0;0;0
Eau min�rale, gazeuse (aliment moyen);0;0;0;0;99,9;0;0;0;0;0;;;;;;;0;0;0;0,12;0;0;0;0;0;;;;;;;;;;;;;;;0;0,011;15,9;6,89;0,00057;0,00058;0;3,78;0,033;0,0014;1,49;1,84;16,3;0,0036;0;0;0;0;;;0;0;0;0;0;0;0;0
Eau du robinet;0;0;0;0;100;0;0;0;0;0;0;-;0;0;0;0;0;0;0;0,1;0;0;0;0;0;0;0;0;0;0;0;0;0;0;0;0;0;0;0;0;0,0076;7,13;-;0,017;0,03;-;0,99;0,00082;0;0,73;-;2,4;0,011;0;0;0;0;0;-;0;0;0;0;0;0;0;0
Eau embouteill�e de source;0;0;0;0;-;0;0;0;0;0;-;-;-;-;-;-;0;0;0;-;0;0;-;-;-;-;-;-;-;-;-;-;-;-;-;-;-;-;-;-;-;16,9;-;0,008;0,023;-;1,81;0,00089;-;0,99;10;2,17;0,011;-;-;-;-;-;-;-;-;-;-;-;-;-;-
Eau min�rale Abatilles, embouteill�e, non gazeuse, faiblement min�ralis�e (Arcachon, 33);0;0;0;0;100;0;0;0;0;0;-;-;-;-;-;-;0;0;0;0,036;0;0;-;-;-;-;-;-;-;-;-;-;-;-;-;-;-;-;-;-;0,023;1,9;13,7;0,0005;0,01;-;0,9;0,0001;0,003;0,4;1;10;0,0005;-;-;-;-;-;-;-;-;-;-;-;-;-;-
Eau min�rale Aix-les-Bains, embouteill�e, non gazeuse, faiblement min�ralis�e (Aix-les-Bains, 73);0;0;0;0;100;0;0;0;0;0;-;-;-;-;-;-;0;0;0;0,034;0;0;0;0;0;-;-;-;-;-;-;-;-;-;-;-;-;-;-;0;0,00035;8,23;0,21;0,0005;0,001;0;2,25;0,0001;0,003;0,08;1;0,44;0,0005;0;0;0;0;-;-;0;0;0;0;0;0;0;0
Eau min�rale Aizac, embouteill�e, gazeuse, faiblement min�ralis�e (Aizac, 07);0;0;0;0;100;0;0;0;0;0;-;-;-;-;-;-;0;0;0;0,036;0;0;0;0;0;-;-;-;-;-;-;-;-;-;-;-;-;-;-;0;0,00033;8,01;1,4;0,0005;0,001;0;2,77;0,0001;0,003;0,12;1;0,13;0,0016;0;0;0;0;-;-;0;0;0;0;0;0;0;0
Eau min�rale Amanda, embouteill�e, non gazeuse, fortement min�ralis�e (St-Amand, 59);0;0;0;0;99,9;0;0;0;0;0;-;-;-;-;-;-;0;0;0;0,13;0;0;0;0;0;-;-;-;-;-;-;-;-;-;-;-;-;-;-;0;0,01;24;6,2;0,0005;0,04;0;6,6;0,0004;0,003;0,61;1;5,5;0,0005;0;0;0;0;-;-;0;0;0;0;0;0;0;0
Eau min�rale Arcens, embouteill�e, gazeuse, moyennement min�ralis�e (Arcens, 07);0;0;0;0;99,9;0;0;0;0;0;-;-;-;-;-;-;0;0;0;0,17;0;0;0;0;0;-;-;-;-;-;-;-;-;-;-;-;-;-;-;0;0,004;0,9;2,4;0,0005;0,0006;0;1,6;0,015;0,003;0,53;1;25,2;0,0005;0;0;0;0;-;-;0;0;0;0;0;0;0;0
Eau min�rale Ardesy, embouteill�e, gazeuse, fortement min�ralis�e (Ardes, 63);0;0;0;0;99,7;0;0;0;0;0;-;-;-;-;-;-;0;0;0;0,27;0;0;0;0;0;-;-;-;-;-;-;-;-;-;-;-;-;-;-;0;0,064;17;38,7;0,0005;0,0006;0;9,2;0,039;0,003;13;1;65;0,001;0;0;0;0;-;-;0;0;0;0;0;0;0;0
Eau min�rale Celtic, embouteill�e, gazeuse ou non gazeuse, tr�s faiblement min�ralis�e (Niederbronn, 67);0;0;0;0;100;0;0;0;0;0;-;-;-;-;-;-;0;0;0;0,004;0;0;0;0;0;-;-;-;-;-;-;-;-;-;-;-;-;-;-;0;0,00028;1,05;0,5;0,0005;0,001;0;0,4;0,0001;0,003;0,19;1;0,11;0,0005;0;0;0;0;-;-;0;0;0;0;0;0;0;0
Eau min�rale Chambon, embouteill�e, non gazeuse, faiblement min�ralis�e (Chambon, 45);0;0;0;0;100;0;0;0;0;0;-;-;-;-;-;-;0;0;0;0,032;0;0;0;0;0;-;-;-;-;-;-;-;-;-;-;-;-;-;-;0;0,0027;9,6;2,26;0,0005;0,001;0;0,61;0,0001;0,003;0,37;1;1,06;0,0005;0;0;0;0;-;-;0;0;0;0;0;0;0;0
Eau min�rale Chantemerle, embouteill�e, non gazeuse, faiblement min�ralis�e (Le Pestrin, 07);0;0;0;0;100;0;0;0;0;0;-;-;-;-;-;-;0;0;0;0,016;0;0;0;0;0;-;-;-;-;-;-;-;-;-;-;-;-;-;-;0;0,00028;2,62;0,17;0,0016;0,001;0;0,96;0,06;0,003;0,13;1;1,34;0,007;0;0;0;0;-;-;0;0;0;0;0;0;0;0
Eau min�rale Chateauneuf, embouteill�e, gazeuse, fortement min�ralis�e (Chateauneuf, 63);0;0;0;0;99,8;0;0;0;0;0;-;-;-;-;-;-;0;0;0;0,24;0;0;0;0;0;-;-;-;-;-;-;-;-;-;-;-;-;-;-;0;0,038;11,9;22,9;0,0005;0,001;0;3;0,004;0,003;4,4;1;70,3;0,0005;0;0;0;0;-;-;0;0;0;0;0;0;0;0
Eau min�rale Chateldon, embouteill�e, gazeuse, fortement min�ralis�e (Chateldon, 63);0;0;0;0;99,8;0;0;0;0;0;-;-;-;-;-;-;0;0;0;0,21;0;0;0;0;0;-;-;-;-;-;-;-;-;-;-;-;-;-;-;0;0,0012;34;0,7;0,0005;0,001;0;4,9;0,1;0,003;4,1;1;24;0,004;0;0;0;0;-;-;0;0;0;0;0;0;0;0
Eau min�rale Clos de l'Abbaye, embouteill�e, non gazeuse, moyennement min�ralis�e (St-Amand, 59);0;0;0;0;99,9;0;0;0;0;0;-;-;-;-;-;-;0;0;0;0,084;0;0;0;0;0;-;-;-;-;-;-;-;-;-;-;-;-;-;-;0;0,006;16,4;3,66;0,0005;0,0005;0;4,15;0,0013;0,003;0,36;1;2,94;0,0005;0;0;0;0;-;-;0;0;0;0;0;0;0;0
Eau min�rale Contrex, embouteill�e, non gazeuse, fortement min�ralis�e (Contrex�ville, 88);0;0;0;0;99,8;0;0;0;0;0;-;-;-;-;-;-;0;0;0;0,2;0;0;0;0;0;-;-;-;-;-;-;-;-;-;-;-;-;-;-;0;0,0013;46,8;0,76;0,0042;0,0005;0;7,45;0,0015;0,003;0,28;10;0,94;0,0095;0;0;0;0;-;-;0;0;0;0;0;0;0;0
Eau min�rale Dax, embouteill�e, non gazeuse, moyennement min�ralis�e (Dax, 40);0;0;0;0;99,9;0;0;0;0;0;-;-;-;-;-;-;0;0;0;0,031;0;0;0;0;0;-;-;-;-;-;-;-;-;-;-;-;-;-;-;0;0,031;-;-;-;-;0;-;-;-;-;-;-;-;0;0;0;0;-;-;0;0;0;0;0;0;0;0
Eau min�rale Didier, embouteill�e, gazeuse, fortement min�ralis�e (Martinique);0;0;0;0;99,9;0;0;0;0;0;-;-;-;-;-;-;0;0;0;0,13;0;0;0;0;0;-;-;-;-;-;-;-;-;-;-;-;-;-;-;0;0,032;13,7;2,31;0,0005;0,0005;0;11,3;0,026;0,003;1,4;1;12,6;0,0005;0;0;0;0;-;-;0;0;0;0;0;0;0;0
Eau min�rale Didier, embouteill�e non gazeuse, fortement min�ralis�e (Martinique);0;0;0;0;99,9;0;0;0;0;0;-;-;-;-;-;-;0;0;0;0,11;0;0;0;0;0;-;-;-;-;-;-;-;-;-;-;-;-;-;-;0;0,0041;17,2;2,48;0,0005;0,001;0;10,7;0,016;0,003;1,31;1;13;0,0005;0;0;0;0;-;-;0;0;0;0;0;0;0;0
Eau min�rale Evian, embouteill�e, non gazeuse, faiblement min�ralis�e (Evian, 74);0;0;0;0;100;0;0;0;0;0;-;-;-;-;-;-;0;0;0;0,032;0;0;0;0;0;-;-;-;-;-;-;-;-;-;-;-;-;-;-;0;0,0011;8;0,68;0,002;0,0083;0;2,6;0,0005;0,003;0,1;1;0,65;0,005;0;0;0;0;-;-;0;0;0;0;0;0;0;0
Eau min�rale H�par, embouteill�e, non gazeuse, fortement min�ralis�e (Vittel, 88);0;0;0;0;99,7;0;0;0;0;0;-;-;-;-;-;-;0;0;0;0,28;0;0;0;0;0;-;-;-;-;-;-;-;-;-;-;-;-;-;-;0;0,0031;54,9;1,88;0,0023;0,001;0;11,9;0,0015;0,003;0,41;10;1,42;0,01;0;0;0;0;-;-;0;0;0;0;0;0;0;0
Eau min�rale Hydroxydase, embouteill�e, gazeuse, fortement min�ralis�e (Le Breuil sur Couze, 63);0;0;0;0;99,1;0;0;0;0;0;-;-;-;-;-;-;0;0;0;0,64;0;0;0;0;0;-;-;-;-;-;-;-;-;-;-;-;-;-;-;0;0,058;20,1;35;0,0005;0,018;0;24;0,07;0,003;18,2;1;184;0,0005;0;0;0;0;-;-;0;0;0;0;0;0;0;0
Eau min�rale Verni�re, embouteill�e, gazeuse, moyennement min�ralis�e (Les Aires, 34);0;0;0;0;99,9;0;0;0;0;0;-;-;-;-;-;-;0;0;0;0,12;0;0;0;0;0;-;-;-;-;-;-;-;-;-;-;-;-;-;-;0;0,0023;18;1,4;0,0005;0,001;0;7,3;0,04;0,003;4;1;11;0,016;0;0;0;0;-;-;0;0;0;0;0;0;0;0
Eau min�rale Luchon, embouteill�e, non gazeuse, faiblement min�ralis�e (Luchon, 31);0;0;0;0;100;0;0;0;0;0;-;-;-;-;-;-;0;0;0;0,012;0;0;0;0;0;-;-;-;-;-;-;-;-;-;-;-;-;-;-;0;0,0002;2,65;0,23;0,0005;0,001;0;0,1;0,0001;0,003;0,02;1;0,08;0,0005;0;0;0;0;-;-;0;0;0;0;0;0;0;0
Eau min�rale Mont-Roucous, embouteill�e, tr�s faiblement min�ralis�e (Lacaune, 81);0;0;0;0;100;0;0;0;0;0;-;-;-;-;-;-;0;0;0;0,0025;0;0;0;0;0;-;-;-;-;-;-;-;-;-;-;-;-;-;-;0;0,0005;0,24;0,3;0,0005;0,001;0;0,05;0,0001;0,003;0,04;1;0,31;0,0005;0;0;0;0;-;-;0;0;0;0;0;0;0;0
Eau de source Ogeu, embouteill�e, faiblement min�ralis�e (Ogeu, 64);0;0;0;0;100;0;0;0;0;0;-;-;-;-;-;-;0;0;0;-;0;0;0;0;0;-;-;-;-;-;-;-;-;-;-;-;-;-;-;0;-;-;-;-;-;0;-;-;-;-;-;-;-;0;0;0;0;-;-;0;0;0;0;0;0;0;0
Eau min�rale Or�e du bois, embouteill�e, non gazeuse, moyennement min�ralis�e (St-Amand, 59);0;0;0;0;99,9;0;0;0;0;0;-;-;-;-;-;-;0;0;0;0,13;0;0;0;0;0;-;-;-;-;-;-;-;-;-;-;-;-;-;-;0;0,01;24;6,06;0,0005;0,0044;0;6,12;0,0006;0,003;0,64;1;4,92;0,0005;0;0;0;0;-;-;0;0;0;0;0;0;0;0
Eau min�rale Orezza, embouteill�e, gazeuse, moyennement min�ralis�e (Rapaggio, 20B);0;0;0;0;99,9;0;0;0;0;0;-;-;-;-;-;-;0;0;0;0,057;0;0;0;0;0;-;-;-;-;-;-;-;-;-;-;-;-;-;-;0;0,0017;18,5;1;0,0005;0,035;0;1,65;0,41;0,003;0,16;0,1;0,7;0,0005;0;0;0;0;-;-;0;0;0;0;0;0;0;0
Eau min�rale Parot, embouteill�e, gazeuse, moyennement min�ralis�e (St-Romain-le-Puy, 42);0;0;0;0;99,9;0;0;0;0;0;-;-;-;-;-;-;0;0;0;0,32;0;0;0;0;0;-;-;-;-;-;-;-;-;-;-;-;-;-;-;0;0,016;11;9,9;0,0005;0,025;0;9,4;0,031;0,003;11;1;101;0,0005;0;0;0;0;-;-;0;0;0;0;0;0;0;0
Eau min�rale Plancoet, embouteill�e, gazeuse ou non gazeuse, faiblement min�ralis�e (Plancoet, 22);0;0;0;0;100;0;0;0;0;0;-;-;-;-;-;-;0;0;0;0,027;0;0;0;0;0;-;-;-;-;-;-;-;-;-;-;-;-;-;-;0;0,0059;2,3;3,6;0,0005;0,001;0;1,4;0,0018;0,003;0,45;1;3,1;0,0005;0;0;0;0;-;-;0;0;0;0;0;0;0;0
Eau min�rale Propiac, embouteill�e, non gazeuse, fortement min�ralis�e (Propiac, 26);0;0;0;0;99,6;0;0;0;0;0;-;-;-;-;-;-;0;0;0;0,17;0;0;0;0;0;-;-;-;-;-;-;-;-;-;-;-;-;-;-;0;0,17;-;-;-;-;0;-;-;-;-;-;-;-;0;0;0;0;-;-;0;0;0;0;0;0;0;0
Eau min�rale Puits St-Georges, embouteill�e, gazeuse, moyennement min�ralis�e (St-Romain-le-Puy, 42);0;0;0;0;99,9;0;0;0;0;0;-;-;-;-;-;-;0;0;0;0,13;0;0;0;0;0;-;-;-;-;-;-;-;-;-;-;-;-;-;-;0;0,0063;4,5;3,8;0,0005;0,0032;0;3,3;0,025;0,003;1,8;1;43;0,0005;0;0;0;0;-;-;0;0;0;0;0;0;0;0
Eau min�rale Qu�zac, embouteill�e, gazeuse, moyennement min�ralis�e (Qu�zac, 48);0;0;0;0;99,9;0;0;0;0;0;-;-;-;-;-;-;0;0;0;0,15;0;0;0;0;0;-;-;-;-;-;-;-;-;-;-;-;-;-;-;0;0,003;17;1,8;0,0005;0,001;0;6,9;0,18;0,003;3,8;1;11;0,0007;0;0;0;0;-;-;0;0;0;0;0;0;0;0
Eau min�rale Reine des basaltes, embouteill�e, gazeuse, moyennement min�ralis�e (Asperjoc, 07);0;0;0;0;99,9;0;0;0;0;0;-;-;-;-;-;-;0;0;0;0,13;0;0;0;0;0;-;-;-;-;-;-;-;-;-;-;-;-;-;-;0;0,0019;12,5;1,18;0,003;0,001;0;6,45;0,074;0,003;2,57;1;24,6;0,0021;0;0;0;0;-;-;0;0;0;0;0;0;0;0
Eau min�rale Rozana, embouteill�e, gazeuse, fortement min�ralis�e (Beauregard, 63);0;0;0;0;99,7;0;0;0;0;0;-;-;-;-;-;-;0;0;0;0,31;0;0;0;0;0;-;-;-;-;-;-;-;-;-;-;-;-;-;-;0;0,11;30,1;64,9;0,0011;0,001;0;16;0,0011;0,003;5,2;1;49,3;0,0005;0;0;0;0;-;-;0;0;0;0;0;0;0;0
Eau min�rale Sail-les-Bains, embouteill�e, non gazeuse, faiblement min�ralis�e (Sail-les-Bains, 42);0;0;0;0;100;0;0;0;0;0;-;-;-;-;-;-;0;0;0;0,024;0;0;0;0;0;-;-;-;-;-;-;-;-;-;-;-;-;-;-;0;0,0057;2,1;3,47;0,0005;0,001;0;0,2;0,0004;0,003;0,48;1;8,5;0,0007;0;0;0;0;-;-;0;0;0;0;0;0;0;0
Eau min�rale Salvetat, embouteill�e, gazeuse, moyennement min�ralis�e (La Salvetat, 34);0;0;0;0;99,9;0;0;0;0;0;-;-;-;-;-;-;0;0;0;0,08;0;0;0;0;0;-;-;-;-;-;-;-;-;-;-;-;-;-;-;0;0,00086;21;0,52;0,0005;0,001;0;0,95;0,08;0,003;0,23;1;0,7;0,0005;0;0;0;0;-;-;0;0;0;0;0;0;0;0
Eau min�rale St-Amand, embouteill�e, gazeuse ou non gazeuse, moyennement min�ralis�e (St-Amand, 59);0;0;0;0;99,9;0;0;0;0;0;-;-;-;-;-;-;0;0;0;0,13;0;0;0;0;0;-;-;-;-;-;-;-;-;-;-;-;-;-;-;0;0,0061;17,6;3,7;0,0005;0,0008;0;4,6;0,0006;0,003;0,5;1;2,8;0,0005;0;0;0;0;-;-;0;0;0;0;0;0;0;0
Eau min�rale St-Antonin, embouteill�e, non gazeuse, fortement min�ralis�e (St-Antonin-Noble-Val, 82);0;0;0;0;99,8;0;0;0;0;0;-;-;-;-;-;-;0;0;0;0,22;0;0;0;0;0;-;-;-;-;-;-;-;-;-;-;-;-;-;-;0;0,0015;56,8;0,9;0,0005;0,009;0;8,9;0,0003;0,003;0,3;1;0,79;0,0008;0;0;0;0;-;-;0;0;0;0;0;0;0;0
Eau min�rale St-Di�ry, embouteill�e, gazeuse, fortement min�ralis�e (St-Di�ry, 63);0;0;0;0;99,8;0;0;0;0;0;-;-;-;-;-;-;0;0;0;0,16;0;0;0;0;0;-;-;-;-;-;-;-;-;-;-;-;-;-;-;0;0,019;8,5;28,5;0,0005;0,001;0;8;0,019;0,003;6,5;1;7,7;0,0005;0;0;0;0;-;-;0;0;0;0;0;0;0;0
Eau min�rale Ste-Marguerite, embouteill�e, gazeuse, moyennement min�ralis�e (St-Maurice, 63);0;0;0;0;99,9;0;0;0;0;0;-;-;-;-;-;-;0;0;0;0,19;0;0;0;0;0;-;-;-;-;-;-;-;-;-;-;-;-;-;-;0;0,038;7,1;23;0,0019;0,001;0;4;0,0001;0,003;3,3;1;30,2;0,0012;0;0;0;0;-;-;0;0;0;0;0;0;0;0
Eau min�rale St-Yorre, embouteill�e, gazeuse, fortement min�ralis�e (Saint-Yorre, 03);0;0;0;0;99,5;0;0;0;0;0;-;-;-;-;-;-;0;0;0;0,47;0;0;0;0;0;-;-;-;-;-;-;-;-;-;-;-;-;-;-;0;0,053;9;32,2;0,0005;0,0015;0;1,1;0,0013;0,003;11;1;171;0,0005;0;0;0;0;-;-;0;0;0;0;0;0;0;0
Eau min�rale Thonon, embouteill�e, non gazeuse, faiblement min�ralis�e (Thonon, 74);0;0;0;0;100;0;0;0;0;0;-;-;-;-;-;-;0;0;0;0,027;0;0;0;0;0;-;-;-;-;-;-;-;-;-;-;-;-;-;-;0;0,0014;9,2;1,1;0,0005;0,001;0;1,9;0,0001;0,003;0,1;1;0,57;0,0005;0;0;0;0;-;-;0;0;0;0;0;0;0;0
Eau min�rale Ventadour, embouteill�e, gazeuse, faiblement min�ralis�e (Le Pestrin, 07);0;0;0;0;100;0;0;0;0;0;-;-;-;-;-;-;0;0;0;0,02;0;0;0;0;0;-;-;-;-;-;-;-;-;-;-;-;-;-;-;0;0,00033;4,5;0,2;0,0027;0,001;0;1,05;0,04;0,003;0,21;1;1,34;0,006;0;0;0;0;-;-;0;0;0;0;0;0;0;0
Eau min�rale Vernet, embouteill�e, gazeuse, faiblement min�ralis�e (Prades, 07);0;0;0;0;100;0;0;0;0;0;-;-;-;-;-;-;0;0;0;0,072;0;0;0;0;0;-;-;-;-;-;-;-;-;-;-;-;-;-;-;0;0,00086;3,2;0,52;0,0005;0,001;0;1,7;0,05;0,003;2,2;1;12,9;0,004;0;0;0;0;-;-;0;0;0;0;0;0;0;0
Eau min�rale Vichy C�lestins, embouteill�e, gazeuse, fortement min�ralis�e (Saint-Yorre, 03);0;0;0;0;99,7;0;0;0;0;0;-;-;-;-;-;-;0;0;0;0,32;0;0;0;0;0;-;-;-;-;-;-;-;-;-;-;-;-;-;-;0;0,039;10,3;23,5;0,0005;0,001;0;1;0,0014;0,003;6,6;1;117;0,0008;0;0;0;0;-;-;0;0;0;0;0;0;0;0
Eau min�rale Vittel, embouteill�e, non gazeuse, moyennement min�ralis�e (Vittel, 88);0;0;0;0;99,9;0;0;0;0;0;-;-;-;-;-;-;0;0;0;0,088;0;0;0;0;0;-;-;-;-;-;-;-;-;-;-;-;-;-;-;0;0,0013;24;0,8;0,0023;0,001;0;4,2;0,0015;0,003;0,19;10;0,52;0,02;0;0;0;0;-;-;0;0;0;0;0;0;0;0
Eau min�rale Volvic, embouteill�e, non gazeuse, faiblement min�ralis�e (Volvic, 63);0;0;0;0;100;0;0;0;0;0;-;-;-;-;-;-;0;0;0;0,011;0;0;0;0;0;-;-;-;-;-;-;-;-;-;-;-;-;-;-;0;0,0025;1,2;1,5;0,0023;0,001;0;0,8;0,0015;0,02;0,6;10;1,2;0,01;0;0;0;0;-;-;0;0;0;0;0;0;0;0
Eau min�rale Volvic active, embouteill�e, gazeuse, faiblement min�ralis�e (Volvic, 63);0;0;0;0;100;0;0;0;0;0;-;-;-;-;-;-;0;0;0;0,012;0;0;0;0;0;-;-;-;-;-;-;-;-;-;-;-;-;-;-;0;0,0019;1,07;1,17;0,0005;0,001;0;0,75;0,0001;0,02;0,58;1;1,17;0,0005;0;0;0;0;-;-;0;0;0;0;0;0;0;0
Eau min�rale Wattwiller, embouteill�e, gazeuse ou non gazeuse, faiblement min�ralis�ee (Wattwiller, 68);0;0;0;0;100;0;0;0;0;0;-;-;-;-;-;-;0;0;0;0,092;0;0;0;0;0;-;-;-;-;-;-;-;-;-;-;-;-;-;-;0;0,00075;3,5;0,32;0,0005;0,001;0;1,1;0,005;0,003;0,11;1;0,3;0,011;0;0;0;0;-;-;0;0;0;0;0;0;0;0
Eau min�rale Perrier, embouteill�e, gazeuse, faiblement min�ralis�e (Verg�se, 30);0;0;0;0;100;0;0;0;0;0;-;-;-;-;-;-;0;0;0;0,048;0;0;0;0;0;-;-;-;-;-;-;-;-;-;-;-;-;-;-;0;0,0024;16;2,2;0,0023;0,001;0;0,42;0,0015;0,003;0,1;10;0,95;0,011;0;0;0;0;-;-;0;0;0;0;0;0;0;0
Eau min�rale Badoit, embouteill�e, gazeuse, moyennement min�ralis�e (St-Galmier, 42);0;0;0;0;99,9;0;0;0;0;0;-;-;-;-;-;-;0;0;0;0,12;0;0;0;0;0;-;-;-;-;-;-;-;-;-;-;-;-;-;-;0;0,0089;15,3;5,4;0,0023;0,001;0;8;0,0015;0,003;1,1;10;18;0,01;0;0;0;0;-;-;0;0;0;0;0;0;0;0
Eau min�rale Avra, embouteill�e, non gazeuse, faiblement min�ralis�e (Gr�ce);0;0;0;0;100;0;0;0;0;0;-;-;-;-;-;-;0;0;0;0,044;0;0;0;0;0;-;-;-;-;-;-;-;-;-;-;-;-;-;-;0;0,0013;11,1;0,8;0;0;0;1;-;0;0,07;0;8,4;0;0;0;0;0;-;-;0;0;0;0;0;0;0;0
Eau min�rale Beckerich, embouteill�e, non gazeuse, faiblement min�ralis�e (Luxembourg);0;0;0;0;100;0;0;0;0;0;-;-;-;-;-;-;0;0;0;0,015;0;0;0;0;0;-;-;-;-;-;-;-;-;-;-;-;-;-;-;0;0,00075;9,7;0,6;0;0;0;0,5;-;0;0,06;0;0,3;0;0;0;0;0;-;-;0;0;0;0;0;0;0;0
Eau min�rale Chaudfontaine, embouteill�e, non gazeuse, faiblement min�ralis�e (Belgique);0;0;0;0;100;0;0;0;0;0;-;-;-;-;-;-;0;0;0;0,036;0;0;0;0;0;-;-;-;-;-;-;-;-;-;-;-;-;-;-;0;0,0058;6,5;3,5;0;0;0;1,8;-;0;0,25;0;4,4;0;0;0;0;0;-;-;0;0;0;0;0;0;0;0
Eau min�rale Christinen Brunnen, embouteill�e, non gazeuse, moyennement min�ralis�e (Allemagne);0;0;0;0;99,9;0;0;0;0;0;-;-;-;-;-;-;0;0;0;0,1;0;0;0;0;0;-;-;-;-;-;-;-;-;-;-;-;-;-;-;0;0,047;3,3;28,2;0;0;0;0;-;0;0;0;37;0;0;0;0;0;-;-;0;0;0;0;0;0;0;0
Eau min�rale Courmayeur, embouteill�e, non gazeuse, fortement min�ralis�e (Italie);0;0;0;0;99,8;0;0;0;0;0;-;-;-;-;-;-;0;0;0;0,2;0;0;0;0;0;-;-;-;-;-;-;-;-;-;-;-;-;-;-;0;0,00025;51,7;-;0;0;0;6,7;-;0;0,2;0;0,1;0;0;0;0;0;-;-;0;0;0;0;0;0;0;0
Eau min�rale Levissima, embouteill�e, non gazeuse, faiblement min�ralis�e (Italie);0;0;0;0;100;0;0;0;0;0;-;-;-;-;-;-;0;0;0;0,0075;0;0;0;0;0;-;-;-;-;-;-;-;-;-;-;-;-;-;-;0;5E-05;2;0,03;0;0;0;0,2;-;0;0,2;0;0,2;0;0;0;0;0;-;-;0;0;0;0;0;0;0;0
Eau min�rale Luso, embouteill�e, non gazeuse, tr�s faiblement min�ralis�e (Portugal);0;0;0;0;100;0;0;0;0;0;-;-;-;-;-;-;0;0;0;0,0039;0;0;0;0;0;-;-;-;-;-;-;-;-;-;-;-;-;-;-;0;0,0015;0,1;0,9;0;0;0;0,2;-;0;0;0;0,6;0;0;0;0;0;-;-;0;0;0;0;0;0;0;0
Eau min�rale N�ro, embouteill�e, non gazeuse, faiblement min�ralis�e (Gr�ce);0;0;0;0;100;0;0;0;0;0;-;-;-;-;-;-;0;0;0;0,041;0;0;0;0;0;-;-;-;-;-;-;-;-;-;-;-;-;-;-;0;0,01;5,9;6,6;0;0;0;3,5;-;0;0,2;0;4,1;0;0;0;0;0;-;-;0;0;0;0;0;0;0;0
Eau min�rale Penacova, embouteill�e, non gazeuse, tr�s faiblement min�ralis�e (Portugal);0;0;0;0;100;0;0;0;0;0;-;-;-;-;-;-;0;0;0;0,0032;0;0;0;0;0;-;-;-;-;-;-;-;-;-;-;-;-;-;-;0;0,0015;0,1;0,9;0;0;0;0,1;-;0;0;0;0,6;0;0;0;0;0;-;-;0;0;0;0;0;0;0;0
Eau min�rale San Bernardo, embouteill�e, tr�s faiblement min�ralis�e (Italie);0;0;0;0;100;0;0;0;0;0;-;-;-;-;-;-;0;0;0;0,0039;0;0;0;0;0;-;-;-;-;-;-;-;-;-;-;-;-;-;-;0;8,3E-05;1,1;0,05;0;0;0;0,05;-;0;0,04;0;0,05;0;0;0;0;0;-;-;0;0;0;0;0;0;0;0
Eau min�rale San Pellegrino, embouteill�e, gazeuse, moyennement min�ralis�e (Italie);0;0;0;0;99,9;0;0;0;0;0;-;-;-;-;-;-;0;0;0;0,11;0;0;0;0;0;-;-;-;-;-;-;-;-;-;-;-;-;-;-;0;0,011;20,8;7,4;0;0;0;5,1;-;0;0,3;0;4,4;0;0;0;0;0;-;-;0;0;0;0;0;0;0;0
Eau min�rale Spa-Reine, embouteill�e, gazeuse ou non non gazeuse, moyennement min�ralis�e (Belgique);0;0;0;0;100;0;0;0;0;0;-;-;-;-;-;-;0;0;0;0,0035;0;0;0;0;0;-;-;-;-;-;-;-;-;-;-;-;-;-;-;0;0,00075;0,45;0,5;0;0;0;0,13;-;0;0,05;0;0,3;0;0;0;0;0;-;-;0;0;0;0;0;0;0;0
Eau min�rale Valvert, embouteill�e, non gazeuse, faiblement min�ralis�e (Belgique);0;0;0;0;100;0;0;0;0;0;-;-;-;-;-;-;0;0;0;0,02;0;0;0;0;0;-;-;-;-;-;-;-;-;-;-;-;-;-;-;0;0,00049;6,78;0,4;0;0;0;0,2;-;0;0,045;0;0,2;0;0;0;0;0;-;-;0;0;0;0;0;0;0;0
Eau min�rale Appollinaris, embouteill�e, non gazeuse, fortement min�ralis�e (Allemagne);0;0;0;0;99,8;0;0;0;0;0;-;-;-;-;-;-;0;0;0;0,16;0;0;0;0;0;-;-;-;-;-;-;-;-;-;-;-;-;-;-;0;0,017;9;10;0;0;0;11;-;0;3;0;38;0;0;0;0;0;-;-;0;0;0;0;0;0;0;0
Eau de source Cristaline, embouteill�e, non gazeuse;0;0;0;0;-;0;0;0;0;0;-;-;-;-;-;-;0;0;0;0,018;0;0;-;-;-;-;-;-;-;-;-;-;-;-;-;-;-;-;-;-;0,0026;12,4;1,6;-;-;-;2,5;-;-;0,35;-;1,1;-;-;-;-;-;-;-;-;-;-;-;-;-;-;-
Eau min�rale Biovive, embouteill�e, non gazeuse, faiblement min�ralis�e (Dax, 40);0;0;0;0;100;0;0;0;0;0;-;-;-;-;-;-;0;0;0;0,0095;0;0;-;-;-;-;-;-;-;-;-;-;-;-;-;-;-;-;-;-;0,0028;4,2;1,71;-;-;-;0,38;-;-;0,24;-;1,86;-;-;-;-;-;-;-;-;-;-;-;-;-;-;-
Eau min�rale La Cairolle, embouteill�e, non gazeuse, fortement min�ralis�e (Les Aires, 34);0;0;0;0;99,8;0;0;0;0;0;-;-;-;-;-;-;0;0;0;0,046;0;0;-;-;-;-;-;-;-;-;-;-;-;-;-;-;-;-;-;-;0,0021;34;1,3;-;-;-;4;-;-;1,25;-;2,7;-;-;-;-;-;-;-;-;-;-;-;-;-;-;-
Eau min�rale Cilaos, embouteill�e, gazeuse, fortement min�ralis�e (Cilaos, 974);0;0;0;0;-;0;0;0;0;0;-;-;-;-;-;-;0;0;0;0,078;0;0;-;-;-;-;-;-;-;-;-;-;-;-;-;-;-;-;-;-;0,0005;11,1;0,3;-;-;-;7,05;-;-;0,53;-;23,8;-;-;-;-;-;-;-;-;-;-;-;-;-;-;-
Eau min�rale La Fran�aise, embouteill�e, non gazeuse, fortement min�ralis�e (Propiac, 26);0;0;0;0;99,7;0;0;0;0;0;-;-;-;-;-;-;0;0;0;0,22;0;0;-;-;-;-;-;-;-;-;-;-;-;-;-;-;-;-;-;-;0,16;35,4;98,2;-;-;-;8,3;-;-;2,2;-;68;-;-;-;-;-;-;-;-;-;-;-;-;-;-;-
Eau min�rale Montcalm, embouteill�e, non gazeuse, tr�s faiblement min�ralis�e (Auzat, 09);0;0;0;0;100;0;0;0;0;0;-;-;-;-;-;-;0;0;0;0,00098;0;0;-;-;-;-;-;-;-;-;-;-;-;-;-;-;-;-;-;-;9,9E-05;0,3;0,06;-;-;-;0,07;-;-;0,06;-;0,22;-;-;-;-;-;-;-;-;-;-;-;-;-;-;-
Eau min�rale Montclar, embouteill�e, non gazeuse, faiblement min�ralis�e (Montclar, 04);0;0;0;0;100;0;0;0;0;0;-;-;-;-;-;-;0;0;0;0,0049;0;0;-;-;-;-;-;-;-;-;-;-;-;-;-;-;-;-;-;-;0,0005;4,1;0,3;-;-;-;0,3;-;-;-;-;0,2;-;-;-;-;-;-;-;-;-;-;-;-;-;-;-
Eau min�rale Nessel, embouteill�e, gazeuse, moyennement min�ralis�e (Soultzmatt, 68);0;0;0;0;99,9;0;0;0;0;0;-;-;-;-;-;-;0;0;0;0,079;0;0;-;-;-;-;-;-;-;-;-;-;-;-;-;-;-;-;-;-;0,0068;11,4;4,1;-;-;-;5,42;-;-;4;-;23,1;-;-;-;-;-;-;-;-;-;-;-;-;-;-;-
Eau min�rale Ogeu, embouteill�e, gazeuse, faiblement min�ralis�e (Ogeu-les-Bains, 64);0;0;0;0;100;0;0;0;0;0;-;-;-;-;-;-;0;0;0;0,014;0;0;-;-;-;-;-;-;-;-;-;-;-;-;-;-;-;-;-;-;0,0078;4,8;4,8;-;-;-;1,2;-;-;0,1;-;3,1;-;-;-;-;-;-;-;-;-;-;-;-;-;-;-
Eau min�rale Ogeu, embouteill�e, non gazeuse, faiblement min�ralis�e (Ogeu-les-Bains, 64);0;0;0;0;100;0;0;0;0;0;-;-;-;-;-;-;0;0;0;0,013;0;0;-;-;-;-;-;-;-;-;-;-;-;-;-;-;-;-;-;-;0,0038;4,9;2,3;-;-;-;1,7;-;-;0,1;-;2,7;-;-;-;-;-;-;-;-;-;-;-;-;-;-;-
Eau min�rale Prince Noir, embouteill�e, non gazeuse, fortement min�ralis�e (St-Antonin-Noble-Val, 82);0;0;0;0;-;0;0;0;0;0;-;-;-;-;-;-;0;0;0;0,063;0;0;-;-;-;-;-;-;-;-;-;-;-;-;-;-;-;-;-;-;0,0015;52,8;0,9;-;-;-;7,8;-;-;0,3;-;0,9;-;-;-;-;-;-;-;-;-;-;-;-;-;-;-
Eau min�rale St-Alban, embouteill�e, gazeuse, moyennement min�ralis�e (St-Alban, 42);0;0;0;0;99,9;0;0;0;0;0;-;-;-;-;-;-;0;0;0;0,18;0;0;0;0;0;-;-;-;-;-;-;-;-;-;-;-;-;-;-;0;0,0033;18;2;0,0006;0,002;0;5;0,072;0,003;2,8;1;25;0,001;0;0;0;0;-;-;0;0;0;0;0;0;0;0
Eau min�rale St-G�ron, embouteill�e, gazeuse, moyennement min�ralis�e (St-G�ron, 43);0;0;0;0;99,9;0;0;0;0;0;-;-;-;-;-;-;0;0;0;0,079;0;0;-;-;-;-;-;-;-;-;-;-;-;-;-;-;-;-;-;-;0,0073;7,91;4,42;-;-;-;5,37;-;-;1,84;-;25,6;-;-;-;-;-;-;-;-;-;-;-;-;-;-;-
Eau min�rale St-Michel-de-Mourcairol, embouteill�e, gazeuse, moyennement min�ralis�e (Les Aires, 34);0;0;0;0;99,9;0;0;0;0;0;-;-;-;-;-;-;0;0;0;0,082;0;0;-;-;-;-;-;-;-;-;-;-;-;-;-;-;-;-;-;-;0,0036;23;2,2;-;-;-;10;-;-;5,5;-;17,5;-;-;-;-;-;-;-;-;-;-;-;-;-;-;-
Eau min�rale Treignac, embouteill�e, non gazeuse, tr�s faiblement min�ralis�e (Treignac, 19);0;0;0;0;100;0;0;0;0;0;-;-;-;-;-;-;0;0;0;0,00085;0;0;-;-;-;-;-;-;-;-;-;-;-;-;-;-;-;-;-;-;0,00053;0,12;0,32;-;-;-;-;-;-;0,05;-;0,28;-;-;-;-;-;-;-;-;-;-;-;-;-;-;-
Eau min�rale Vals, embouteill�e, gazeuse, moyennement min�ralis�e (Vals-les-Bains, 07);0;0;0;0;99,9;0;0;0;0;0;-;-;-;-;-;-;0;0;0;0,1;0;0;0;0;0;-;-;-;-;-;-;-;-;-;-;-;-;-;-;0;0,0041;2,22;2,46;0,0005;0,001;0;1,35;0,06;0,0023;3,38;1;38,1;0,0031;0;0;0;0;-;-;0;0;0;0;0;0;0;0
Eau min�rale Vauban, embouteill�e, non gazeuse, moyennement min�ralis�e (St-Amand-les-Eaux, 59);0;0;0;0;99,9;0;0;0;0;0;-;-;-;-;-;-;0;0;0;0,04;0;0;-;-;-;-;-;-;-;-;-;-;-;-;-;-;-;-;-;-;0,0096;23;5,8;-;-;-;6,6;-;-;0,8;-;4;-;-;-;-;-;-;-;-;-;-;-;-;-;-;-
Eau min�rale Carola, embouteill�e, gazeuse ou non gazeuse, moyennement min�ralis�e (Ribeauville, 68);0;0;0;0;-;0;0;0;0;0;-;-;-;-;-;-;0;0;0;-;0;0;-;-;-;-;-;-;-;-;-;-;-;-;-;-;-;-;-;-;-;7,3;-;-;-;-;2;-;-;-;-;13,1;-;-;-;-;-;-;-;-;-;-;-;-;-;-;-
Eau min�rale Mont-Blanc, embouteill�e, non gazeuse, faiblement min�ralis�e (Italie);0;0;0;0;-;0;0;0;0;0;-;-;-;-;-;-;0;0;0;-;0;0;-;-;-;-;-;-;-;-;-;-;-;-;-;-;-;-;-;-;-;2,9;0,1;-;-;-;0,24;-;-;0,19;-;0,16;-;-;-;-;-;-;-;-;-;-;-;-;-;-;-
Eau min�rale Eden (La Goa), embouteill�e, non gazeuse, faiblement min�ralis�e (Suisse);0;0;0;0;-;0;0;0;0;0;-;-;-;-;-;-;0;0;0;-;0;0;-;-;-;-;-;-;-;-;-;-;-;-;-;-;-;-;-;-;-;3,45;0,01;-;-;-;0,31;-;-;0,07;-;0,4;-;-;-;-;-;-;-;-;-;-;-;-;-;-;-
Jus d'ananas, � base de concentr�;222;52,3;222;52,3;87,1;0,41;0,41;11,9;0,096;11,9;2,75;0;3,1;0;0,1;4,57;0;0,18;0;0,38;0;0,6;0,044;0,0081;0,025;0;0;0;0;0;0;0,005;0,003;0,0081;0,014;0,011;0;0;0;0;0,011;14,3;-;0,03;0,15;1;17;1,46;9,12;144;10;4,62;0,066;0;3;0;0,02;0,3;-;15;0,058;0,021;0,2;0,056;0,1;18;0
Jus multifruit, pur jus, multivitamin�;-;-;-;-;86,5;0,48;0,48;11,3;0,1;11;3,9;-;2,3;0,2;0,2;2,4;0;0,25;-;0,31;0;-;0;0;0;-;-;-;-;-;-;-;-;-;-;-;-;-;-;0;0,0038;9,6;60;0,018;0,12;1;9,98;0,14;10;171;10;1,5;0,036;0;380;0,5;2;-;-;24;0,24;0,32;0,29;0,095;0,33;30,5;0
Jus de fruits (aliment moyen);200;47;200;47;88,5;0,52;0,52;9,58;0,14;9,24;3,19;0,0041;2,42;0,053;0,074;2,89;0,011;0,29;0,092;0,38;0;1,2;0,041;0,014;0,025;0,00043;0,00036;0,00036;0,0019;0,00048;0,00093;0,018;0,0024;;;;;0,00036;0,00036;0;0,012;5;;0,029;0,12;2,02;9,22;0,068;14,3;152;;5,18;0,041;0;51,2;0,0001;0,18;0,14;;32,5;0,064;0,023;0,29;0,19;0,086;22,8;0
Jus de carotte, pur jus;-;-;-;-;88,9;0,4;0,4;6,55;0,1;5,95;1,31;-;1,38;-;-;3,06;0;0,33;-;0,78;0;-;0,037;0,0025;0,041;0;0;0;0;0,002;0,001;0,023;0,0015;0,002;0,036;0,0052;0;0;0;0;0,1;13,6;45,6;0,051;0,46;2;8,75;0,071;25,6;210;2,2;42,5;0,086;0;9300;0;1,16;15,5;-;8,5;0,092;0,055;0,39;0,23;0,22;4;0
Jus de citron, maison;-;-;-;-;91,5;0,49;0,49;2,41;0,24;2,06;1;0;0,75;0;0;0,32;0;0,3;-;0,26;0;4,8;0,04;0,006;0,021;0;0;0;0,02;0,001;0,002;0,012;0,004;0,004;0,012;0,009;-;0;0;0;0,0065;12,4;-;0,042;0,24;0,6;5,99;0,008;14,5;132;2,2;2,62;0,049;0;1;0;0,095;0;-;42,4;0,022;0,013;0,096;0,12;0,048;13,5;0
Jus multifruit - base orange, multivitamin�;-;-;-;-;87,6;0,5;0,5;11,7;0,8;11,1;5,55;-;3,1;0,15;0,15;2,45;0,35;0,5;-;0,26;0;-;-;-;-;0,006;-;-;-;-;-;-;-;-;-;-;-;-;-;-;0,008;11;11,2;0,02;0,1;20;8,7;0,27;11;150;20;3,2;0,05;-;880;-;-;0,8;-;34,7;0,34;0,077;4,76;1,19;0,45;90;1
Jus d'orange, � base de concentr�;194;45,6;194;45,6;89,7;0,63;0,63;9,59;0,13;9,59;2,6;0;2,42;0,2;0,098;3,17;0;0,25;0;0,5;0;1;0,034;0,03;0,035;0;0;0;0;0,00022;0,0011;0,022;0,0089;0,029;0,028;0,0067;0;1,3E-05;1,3E-05;0;0,0084;7,25;-;0,023;0,08;0,4;10,9;0,02;16,9;154;10;3,44;0,022;0;10,6;0;0,15;0;-;44,2;0,08;0,034;0,3;0,24;0,1;30;0
Jus d'orange, maison;-;-;-;-;88,3;0,7;0,7;9,4;0,2;8,4;2,15;-;1,97;0;-;4,29;0;0,2;-;0,4;0;0,8;0,024;0,036;0,04;0;0;0;0;0;0,001;0,021;0,001;-;-;-;-;0;0;0;0,0025;10,5;-;0,025;0,079;1;13,2;0,022;17;200;10;1,11;0,027;0;33;0;0,04;0,1;-;50;0,09;0,03;0,4;0,19;0,04;30;0
Jus de pomme, � base de concentr�;206;48,5;206;48,5;88,5;0,24;0,24;11,3;0,098;10,8;5,68;-;2,12;0,5;0,5;1,54;0;0,3;0,5;0,2;0;0,6;0,033;0,006;0,053;0;0;0;0;0;0,002;0,024;0,003;0,006;0,044;0,009;0;0;0;0;0,014;6,45;-;0,011;0,085;0,7;7,07;0,026;6;128;10;3,98;0,01;0;4,23;0;0,01;0;-;13,2;0,021;0,017;0,16;0,063;0,03;4,95;0
Jus de pamplemousse (pom�lo), � base de concentr�;174;40,9;174;40,9;89,9;0,52;0,52;8,41;0,1;8,41;2,68;-;2,67;0,5;0,5;1,92;0;0,21;0;0,3;0;1,3;0,055;0,0085;0,016;0;0;0;0;0;0;0,017;0,002;0,0085;0,013;0,0036;0;0;0;0;0,01;10,6;-;0,031;0,15;0,6;7,91;0,016;12,5;115;2,2;3,97;0,037;0;3;0;0,04;0;-;23,7;0,041;0,015;0,055;0,13;0,016;11,8;0
Jus de raisin, pur jus;294;69,2;294;69,2;82,4;0,25;0,25;16,3;0,057;16;7,73;0;7,25;0,5;0,5;0,047;0;0,14;0;0,15;0;0,8;0,031;0,003;0,022;0;0;0;0;0;0,001;0,021;0,003;0,003;0,017;0,005;0;0;0;0;0,0089;8,29;-;0,031;0,47;0,5;8,35;0,089;12,5;114;10;3,81;0,056;0;5;0;0,4;0,4;-;-;0,022;0,026;0,29;0,045;0,049;5;0
Jus de grenade, pur jus;-;-;-;-;86;0,15;0,15;13;0,29;12,7;6,37;0;6,28;0;0;0;-;0,1;-;0,49;0;-;0,077;0,059;0,05;0;0;0;0;0,004;0,004;0,044;0,024;-;-;-;-;0;0;0;0,023;11;-;0,021;0,1;-;7;0,095;11;214;-;9;0,09;0;0;0;0,38;10,4;-;0,1;0,015;0,015;0,23;0,29;0,04;24;0
Jus de pruneau;-;-;-;-;81,2;0,37;0,37;18,7;0,039;13,5;-;-;-;-;-;-;-;0,45;-;0,68;0;-;0,003;0,021;0,007;0;0;0;0;0;0;0,002;0;-;-;-;-;0;0;0;0,025;12;-;0,068;1,18;-;14;0,15;25;276;-;10;0,21;0;2;0;0,12;3,4;-;4,1;0,016;0,07;0,79;0,11;0,22;-;0
Jus de raisin, � base de concentr�;293;68,8;293;68,8;84,2;0,31;0,31;16;0,11;16;8,49;-;7,47;0,15;0,15;0,1;0;0,15;0;0,2;0;0,8;0,055;-;-;0,006;-;-;-;-;-;-;-;-;-;-;-;-;-;-;0,0074;16;6,5;0,01;0,43;20;7,8;0,06;17;62;20;2,83;0,05;-;5;-;0,67;0,8;-;9;0,046;0,021;0,23;0,063;0,073;43;-
Jus de mangue, frais;-;-;-;-;86;0,19;0,19;9,5;0;9,3;-;-;-;-;-;-;0,2;0;-;0,2;0;-;0;0;0;-;-;-;-;-;-;-;-;-;-;-;-;-;-;0;0,028;-;-;0,02;-;3;14,3;0,02;-;-;0,1;-;0,02;0;375;0;1,05;-;-;-;0,01;-;-;0,14;0,12;27,1;0
Jus de fruit de la passion ou maracudja, frais;-;-;-;-;84,2;0,67;0,67;14,3;0,18;14,3;-;-;-;-;-;-;-;0,2;-;0,49;0;-;0,015;0,022;0,11;0;0;0;0;0;0;0,011;0,0038;-;-;-;-;0;0;0;0,015;4;-;0,05;0,36;-;17;-;25;278;-;6;0,06;0;525;0;0,01;0,4;-;18,2;0;0,1;2,24;-;0,06;8;0
Jus de pamplemousse (pom�lo), maison;-;-;-;-;90;0,5;0,5;9,1;0,1;9,1;2,3;-;2,4;-;-;2,5;0;0,1;-;0,2;0;1,36;0,014;0,013;0,024;0;0;0;0;0;0;0,012;0,001;-;-;-;-;0;0;0;0,0025;9;-;0,033;0,2;0,6;12;0,02;15;162;-;1;0,05;0;4;0;0,22;0;-;38;0,04;0,02;0,2;0,19;0,044;10;0
Jus de tomate, pur jus, sal� � 3 g/L;98,4;23,2;98,4;23,2;94,3;0,88;0,88;4,13;0,17;4,13;1,51;-;1,28;-;-;0,59;0;0,23;0;0,65;0;0,4;0;-;-;-;-;-;-;-;-;-;-;-;-;-;-;-;-;-;0,3;7,98;222;-;-;0,4;12,5;-;23,2;263;-;119;-;-;-;-;-;-;-;-;-;-;-;-;-;-;-
Jus de pamplemousse (pomelo), pur jus;181;42,5;181;42,5;89,9;0,49;0,49;8,89;0,083;8,89;2,66;-;2,69;0,5;0,5;2,22;0;0,15;0;0,25;0;1,3;0,044;0,0055;0,017;-;-;-;-;-;-;-;-;-;-;-;-;-;-;0;0,008;4,83;60;0,1;0,15;1;8,63;0,1;15;128;-;3,05;0,1;0;217;0;0,19;-;-;22,5;0,043;0,017;0,12;0,13;0,048;12,6;-
Jus de citron, pur jus;-;-;-;-;92,5;0,4;0,4;6,1;0,29;2,4;-;-;-;-;-;-;0;0,4;-;0,36;0;-;0,038;0,011;0,085;0;0;0;0;0;0,001;0,034;0,002;-;-;-;-;0;0;0;0,053;11;-;0,037;0,13;-;8;0,02;9;102;-;21;0,06;0;2;0;0,15;0;-;24,8;0,041;0,009;0,2;0,091;0,043;10;0
Jus de citron vert, maison;-;-;-;-;90,8;0,42;0,42;1,69;0,07;1,69;0,61;0;0,6;0;0;0,48;0;0,4;-;0,31;0;-;0,008;0,008;0,023;0;0;0;0;0;0;0,008;0;-;-;-;-;0;0;0;0,005;14;-;0,027;0,09;-;8;0,018;14;117;-;2;0,08;0;30;0;0,22;0,6;-;30;0,025;0,015;0,14;0,12;0,038;10;0
Jus de citron vert, pur jus;-;-;-;-;92,5;0,25;0,25;1,24;0,23;1,24;-;-;-;-;-;-;-;0,45;-;0,31;0;5;0,026;0,022;0,064;0;0;0;0;0;0,001;0,023;0,001;-;-;-;-;0;0;0;0,026;12;-;0,03;0,23;1,2;7;0,008;10;75;-;10,5;0,06;0;10;0;0,12;0,5;-;6,4;0,033;0,003;0,16;0,066;0,027;8;0
Jus de tomate, pur jus, sal� � 6g/L;85;20,1;85;20,1;93,9;0,88;0,88;3,31;0,11;3,3;1,09;0;0,91;-;0;0,098;0;0,56;0,011;1,08;0;0,4;0,07;0,0075;0,025;0;0;0;-;0;0;0,007;0,0015;0,006;0,022;0,002;0;0;0;0;0,6;5,1;-;0,086;0,43;0,2;13,7;0,09;20,3;302;0,3;231;0,23;0;270;0;0,53;5,1;-;40;0,047;0,031;0,67;0,25;0,11;13;0
Jus multifruit, � base de jus et pur�e de fruits;-;-;-;-;-;0,46;0,46;11,5;0,11;11,3;-;-;-;-;-;-;-;0,21;-;0,01;0;-;0,026;-;-;-;-;-;-;-;-;-;-;-;-;-;-;-;-;-;0,01;-;-;-;-;-;-;-;-;-;-;3,99;-;-;-;-;1,12;-;-;19,4;0,13;0,13;1,45;0,52;0,18;23;-
Jus de cl�mentine ou mandarine, pur jus;-;-;-;-;88;0,66;0,66;10,6;0,14;10;2;-;1,6;0,2;0,2;5,1;0;0,15;-;0,35;0;-;0,043;0,03;0,035;-;-;-;-;-;-;-;-;-;-;-;-;-;-;0;0,0094;2,8;60;0,1;0,3;1;9,3;0,1;16;123;0,5;3,79;0,1;0;30;0;0,09;-;-;17,6;0,077;0,018;0,25;0,13;0,066;19;0
Jus multifruit, pur jus, standard;208;48,9;208;48,9;87,3;0,5;0,5;11,2;0,3;10,1;4,78;0,1;2,6;0,1;0,1;2,7;0,3;0,5;0,5;0,3;0;0,55;0,01;0,01;0,01;0,01;0,01;0,01;0,01;0,01;0,01;0,01;0,01;0,01;0,01;0,01;0,01;0,01;0,01;0;0,0023;5,4;6,5;0,03;0,08;20;7;0,09;10;140;20;0,92;0,05;0;84,9;0;0,2;0,8;-;11,5;0,015;0,01;0,17;0,099;0,083;5;0
Jus multifruit - base raisin, standard;-;-;-;-;-;0,5;0,5;13;0;13;-;-;-;-;-;1,89;-;0,3;-;0,0025;0;-;0;-;-;-;-;-;-;-;-;-;-;-;-;-;-;-;-;-;0,0025;-;-;-;-;-;-;-;-;-;-;1;-;-;-;-;-;-;-;-;-;-;-;-;-;-;-
Jus multifruit - base orange, standard;-;-;-;-;88,6;0,7;0,7;10,4;0,16;10,1;3,3;-;2,65;0,5;0,5;3,1;-;0,44;-;0,35;0;-;0,05;-;-;-;-;-;-;-;-;-;-;-;-;-;-;-;-;-;0,069;-;-;-;-;-;11,9;-;-;152;-;1,55;-;-;50;-;-;-;-;20,8;-;-;0,2;-;-;19,2;-
Jus de grenade, frais;-;-;-;-;85,4;0,2;0,2;11,6;0;11,6;-;-;-;-;-;-;0;0;-;0,21;0;-;0;0;0;-;-;-;-;-;-;-;-;-;-;-;-;-;-;0;0,0025;3;-;-;0,2;-;-;-;8;200;-;1;0,1;0;33;0;0,55;-;-;8;0,02;0,03;0,2;-;0,31;6;-
Jus multifruit - base pomme, standard;-;-;-;-;87,8;0,33;0,33;12,2;0,1;10,1;4,66;-;2,97;0,5;0,5;2,43;-;0,5;-;0,21;0;-;-;-;-;-;-;-;-;-;-;-;-;-;-;-;-;-;-;-;0;-;-;-;-;-;5,94;-;-;99,1;-;0;-;-;207;-;-;-;-;25,4;-;-;0,38;-;-;16,2;-
Jus multifruit - base pomme, multivitamin�;-;-;-;-;88,2;0,33;0,33;11;0,1;10,2;5,2;-;2,9;0,5;0,5;2,04;-;0,5;-;0,33;0;-;-;-;-;-;-;-;-;-;-;-;-;-;-;-;-;-;-;-;-;-;-;-;-;-;5,9;-;-;69,5;-;-;-;-;207;-;-;-;-;26,2;-;-;0,36;-;-;20,7;-
Jus de fruit(s) et de l�gume(s), pur jus;-;-;-;-;-;0,85;0,85;9,5;0;8,6;-;-;-;-;-;-;-;0,7;-;0,0001;0;-;0;-;-;-;-;-;-;-;-;-;-;-;-;-;-;-;-;-;0;-;-;-;-;-;-;-;-;-;-;0,1;-;-;-;-;-;-;-;-;-;-;-;-;-;-;-
Jus de tomate, pur jus (aliment moyen);91,7;21,7;91,7;21,7;94,1;0,88;0,88;3,72;0,14;3,72;1,3;;1,09;;;0,17;0;0,4;0,0055;0,86;0;0,4;0,035;;;;;;;;;;;;;;;;;;0,45;6,54;;;;0,3;13,1;;21,8;283;;175;;;;;;;;;;;;;;;
Jus multifruit, � base de concentr�, standard;-;-;-;-;87,8;0,52;0,52;11,2;0,15;10,8;4,62;-;3,04;-;-;3,16;0;0,62;-;0,2;0;-;0,021;0;0;-;-;-;-;-;-;-;-;-;-;-;-;-;-;0;0,02;11,1;-;0,05;0,1;10;8,2;0,2;12,1;148;0,5;8,57;0,05;0;449;0;0,53;-;-;17,8;0,11;0,08;0,93;0,31;0,17;18,8;0
Jus d'orange, pur jus;193;45,4;193;45,4;88,2;0,61;0,61;9,61;0,11;9,61;2,56;0;2,47;0;0,098;3,46;0;0,28;0;0,36;0;1;0,053;0,014;0,019;0;0;0;0;0;0;0,018;0;-;-;-;-;0;0;0;0,012;0,41;-;0,022;0,068;0,7;10;0,021;16,5;165;-;4,81;0,045;0;26,2;0;0,2;0,1;-;37;0,08;0,021;0,3;0,24;0,1;30;0
Jus multifruit, � base de concentr�, multivitamin�;-;-;-;-;-;0,29;0,29;10,8;0,091;10,3;-;-;-;-;-;2,06;-;0,27;-;0,019;0;-;0,051;-;-;-;-;-;-;-;-;-;-;-;-;-;-;-;-;-;0,019;-;-;-;-;-;-;-;-;-;-;7,5;-;-;-;-;2,15;-;-;16,2;0,3;0,36;3,84;1,28;0,42;45,6;-
Jus de fruits, pur jus (aliment moyen);199;46,9;199;46,9;88,4;0,51;0,51;9,32;0,14;8,94;3,06;0,0049;2,34;0,038;0,072;2,88;0,015;0,27;0,094;0,38;0;1,27;0,044;0,013;0,024;0,0005;0,00043;0,00043;0,0024;0,00055;0,00088;0,017;0,0013;;;;;0,00043;0,00043;0;0,012;3,93;;0,029;0,12;1,66;9,05;0,054;14,3;154;;5,26;0,044;0;29,2;0,00013;0,16;0,16;;32,7;0,059;0,018;0,25;0,18;0,08;22,4;0
Jus d'ananas, pur jus;225;52,9;225;52,9;86,3;0,41;0,41;12,1;0,074;12,1;2,79;-;3,17;-;-;4,24;0;0,22;0;0,4;0;0,6;0,031;0,01;0,03;-;-;-;-;-;-;-;-;-;-;-;-;-;-;0;0,013;8,08;-;0,04;0,18;1;13,6;1,2;9,8;134;1,1;5,2;0,073;0;-;0;0,02;-;-;14;0,055;0,02;0,3;0,15;0,1;23;0
Jus de pomme, pur jus;208;48,9;208;48,9;88,4;0,17;0,17;11,4;0,14;10,9;5,96;0;2,13;0,5;0,5;1,44;0;0,23;0,5;0,68;0;0,6;0,046;0,006;0,039;0;0;0;0;0;0,001;0,018;0,002;-;-;-;-;0;0;0;0,022;4,32;60;0,1;0,3;1;4,56;0,1;6,59;113;0,1;13,3;0,1;0;7;0;0,01;0;-;14,5;0,013;0,01;0,043;0,045;0,042;6,75;0
Jus de l�gumes, pur jus (aliment moyen);91,7;21,7;91,7;21,7;92,4;0,72;0,72;4,66;0,13;4,46;1,3;;1,19;;;1,13;0;0,37;0,0055;0,83;0;0,4;0,036;0,005;0,033;0;0;0;;0,001;0,0005;0,015;0,0015;0,004;0,029;0,0036;0;0;0;0;0,33;8,89;134;0,068;0,45;0,87;11,7;0,08;23;258;0,7;131;0,16;0;4790;0;0,85;10,3;;24,3;0,07;0,043;0,53;0,24;0,16;8,5;0
Jus de fruits, � base de concentr� (aliment moyen);200;47,1;200;47,1;88,8;0,54;0,54;10,5;0,13;10,3;3,66;;2,69;0,12;0,084;2,94;0;0,35;0,083;0,37;0;0,91;0,031;0,018;0,027;9,8E-05;0;0;0;0,00017;0,0012;0,022;0,0076;0,024;0,03;0,0073;0;0;0;0;0,012;8,62;;0,028;0,097;3,22;9,82;0,12;14;147;3,93;4,88;0,03;0;125;0;0,24;0,027;;31,6;0,079;0,043;0,44;0,23;0,11;23,9;0
Jus d'orange sanguine, pur jus;-;-;-;-;-;0,63;0,63;10,2;0,1;9,75;-;-;-;-;-;-;-;0,68;-;0,45;0;-;0,043;0;0;-;-;-;-;-;-;-;-;-;-;-;-;-;-;0;0,01;-;-;-;-;-;-;-;-;-;-;4;-;0;-;0;-;-;-;39,8;-;-;-;-;-;-;0
Smoothie;-;-;-;-;84,2;0,62;0,62;12,4;0,26;11,7;5,03;-;3,41;0,15;0,15;2,59;0,35;1,08;-;0,38;0;-;0,17;-;-;0,014;-;-;-;-;-;-;-;-;-;-;-;-;-;-;0,01;9,65;17,6;0,045;0,24;20;11,5;0,27;15,5;165;20;3,84;0,07;-;238;-;-;0,88;-;20,2;0,059;0,012;0,2;0,079;0,064;28,6;-
Nectar multifruit - base pomme, standard;-;-;-;-;88,7;0,28;0,28;10;0,1;10;2,9;-;2,1;0,5;0,5;5;-;0;-;0,23;0;-;-;-;-;-;-;-;-;-;-;-;-;-;-;-;-;-;-;-;-;-;-;-;-;-;4,7;-;-;78,5;-;-;-;-;-;-;-;-;-;-;-;-;0,27;-;-;35;-
Nectar multifruit - base pomme, multivitamin�;-;-;-;-;88,7;0,1;0,1;9,1;0,1;9,1;2,9;-;4,5;0,5;0,5;1,7;-;0;-;0,08;0;-;-;-;-;-;-;-;-;-;-;-;-;-;-;-;-;-;-;-;-;-;-;-;-;-;4,4;-;-;43,2;-;-;-;-;-;-;-;-;-;15,1;-;-;0,28;-;-;17;-
Nectar d'abricot;-;-;-;-;84,9;0,21;0,21;13,7;0,03;11;-;-;-;-;-;-;-;0,08;-;0,29;0;0,8;0,005;0,013;0,0059;0;0;0;0;0;0;0,0042;0,00083;-;-;-;-;0;0;0;0,0042;11,5;-;0,039;0,38;0,2;5,28;0,022;9;114;2,2;1,68;0,05;0;786;0;0,31;1,2;-;17,6;0,009;0,014;0,26;0,096;0,022;1;0
Nectar de papaye;-;-;-;-;85;0,17;0,17;13,9;0,15;13,9;-;-;-;-;-;-;-;0,6;-;0,15;0;-;0,047;0,041;0,035;0;0;0;0;0,002;0,008;0,035;0,002;-;-;-;-;0;0;0;0,013;10;-;0,013;0,34;-;3;0,013;0;31;-;5;0,15;0;91;0;0,24;0,8;-;3;0,006;0,004;0,15;0,054;0,009;2;0
Nectar de poire;-;-;-;-;84;0,19;0,19;14,8;0,043;11,4;-;-;-;-;-;-;0;0,45;-;0,1;0;0,4;0,001;0,003;0,003;0;0;0;0;0;0;0,001;0;-;-;-;-;0;0;0;0,0033;5;-;0,067;0,26;0,7;3;0,03;3;13;-;1,3;0,07;0;1;0;0,05;1,8;-;1,1;0,002;0,013;0,13;0,022;0,014;1;0
Nectar multifruit, multivitamin�;-;-;-;-;87,4;0,24;0,24;11,3;0,1;10,9;2,3;-;2,1;0,2;0,2;5,6;0;0,15;-;0,18;0;-;0,0067;0;0;-;-;-;-;-;-;-;-;-;-;-;-;-;-;0;0,016;3,1;60;0,1;0,2;1;5,4;0,1;10;79,1;0,3;6,36;0,1;0;267;0,5;1,05;-;-;16;0,14;0,2;1,63;0,62;0,22;22,9;0
Nectar multifruit, standard;211;49,7;211;49,7;87,2;0,3;0,3;11,5;0,089;11;4,76;-;3,55;-;-;2,71;0;0,3;0;0,2;0;0,38;0,013;0;0;-;-;-;-;-;-;-;-;-;-;-;-;-;-;0;0,009;9,17;-;0,05;0;10;5,35;0,05;6,17;87,4;0,3;3,43;0;120;26,1;0;0,97;-;-;20,6;0,095;0,025;1,09;0,6;0,14;22,1;0
Nectar multifruit - base orange, multivitamin�;-;-;-;-;88,1;0,4;0,4;11,1;0,1;10,3;2,75;-;2,65;0,5;0,5;4,85;-;0,5;-;0,22;0;-;-;-;-;-;-;-;-;-;-;-;-;-;-;-;-;-;-;-;-;-;-;-;-;-;6,3;-;-;85,7;-;-;-;-;427;-;-;-;-;36,2;-;-;1,64;-;-;23;-
Nectar multifruit - base orange, standard;-;-;-;-;87,4;0,3;0,3;12,2;0,12;10,8;2,2;-;3,1;0,5;0,5;5,3;-;0,5;-;0,17;0;-;0,1;-;-;-;-;-;-;-;-;-;-;-;-;-;-;-;-;-;0,025;-;-;-;-;-;6,7;-;-;86,8;-;10;-;-;110;-;-;-;-;13,2;-;-;0,21;-;-;13,8;-
Nectar, avec �dulcorants, all�g� en sucres;-;-;-;-;-;0,18;0,18;5,47;0,037;5,25;-;-;-;-;-;-;-;0,11;-;0,0087;0;-;0,0067;-;-;-;-;-;-;-;-;-;-;-;-;-;-;-;-;-;0,0087;-;-;-;-;-;-;-;-;-;-;3,48;-;-;-;-;1,5;-;-;10,8;0,21;0,24;2,7;0,9;0,3;30;-
Nectar de pomme;-;-;-;-;90,2;0,14;0,14;10,9;0,075;10,6;3,87;-;2,38;0,5;0,5;3,39;-;0,1;-;0,13;0;-;0,05;-;-;-;-;-;-;-;-;-;-;-;-;-;-;-;-;-;0,01;4,9;-;-;-;-;3,94;-;4,33;64,9;-;4;-;-;-;-;-;-;-;-;-;-;0,08;-;-;12,2;-
Nectar de fruit de la passion ou maracuja;-;-;-;-;85,5;0,3;0,3;15,2;0,1;13;-;-;-;-;-;-;-;0;-;0,2;0;1,7;0;0;0;-;-;-;-;-;-;-;-;-;-;-;-;-;-;-;0,025;1,7;-;0,02;-;1,1;3,8;-;-;72,8;0,1;3;0,02;-;100;-;0;-;-;17,4;-;-;-;0,05;0,02;3;-
Nectar de banane;-;-;-;-;86,7;0,23;0,23;13,6;0,048;12,6;1,89;-;2,03;0,15;0,15;8,66;0,35;0,51;-;0,17;0;-;0,03;-;-;0,006;-;-;-;-;-;-;-;-;-;-;-;-;-;-;0,0046;5,8;19;0,02;0,07;20;8;0,06;5,7;91;20;1,82;0,05;-;6,95;-;-;0,8;-;11,6;0,013;0,01;1,24;0,053;0,059;14,8;-
Nectar de goyave;-;-;-;-;88;0,14;0,14;11,3;0,16;9,97;1,98;-;1,64;0,15;0,15;6,35;-;0,14;-;0,14;0;-;0,005;0;0;0,006;-;-;-;-;-;-;-;-;-;-;-;-;-;0;0,0051;7,8;8,4;0,02;0,07;20;2,6;0,03;4,5;61;20;2,02;0,05;0;166;0;-;0,8;-;36;0,011;0,01;1,39;0,034;0,011;10,3;0
Nectar de mangue;-;-;-;-;87;0,2;0,2;12,3;0,083;11,6;2,17;-;1,93;0,15;0,15;7,37;-;0,15;-;0,13;0;0,1;0,058;-;-;0,006;-;-;-;-;-;-;-;-;-;-;-;-;-;-;0,011;8,1;4,8;0,02;0,08;20;3,7;0,03;3,8;39;20;4,59;0,05;-;784;-;-;0,8;-;18;0,024;0,011;2,1;0,17;0,039;17,1;-
Nectar de p�che;-;-;-;-;85,6;0,22;0,22;12,1;0,05;11,9;-;-;-;-;-;-;-;0,33;-;0,15;0;-;0,002;0,008;0,011;0;0;0;0;0;0;0,002;0;-;-;-;-;0;0;0;0,011;5;-;0,069;0,19;-;4;0,019;6;40;-;4,37;0,08;0;128;0;0,29;1;-;5,3;0,003;0,014;0,29;0,068;0,007;1;0
Nectar d'ananas;-;-;-;-;88,1;0,1;0,1;13;0;11,2;-;-;-;-;-;-;-;0;-;0,11;0;-;0;-;-;-;-;-;-;-;-;-;-;-;-;-;-;-;-;-;0;13;-;-;-;-;8;-;-;90;-;0;-;-;-;-;-;-;-;-;0,02;0,01;-;-;0,05;-;-
Nectar d'orange;-;-;-;-;89,7;0,29;0,29;8,79;0,08;8,79;1,8;-;2,05;0,2;0,09;3,64;-;0,18;-;0,21;0;0,8;0,005;-;-;-;-;-;-;-;-;-;-;-;-;-;-;-;-;-;0,018;7,69;-;0,023;-;1,1;5,96;0,022;7,7;82,8;2,2;6,51;0,041;-;10;-;-;-;-;21,2;0,04;0,01;0,17;-;0,01;10,8;-
Boisson gazeuse, sans jus de fruit, non sucr�e, avec �dulcorants;-;-;-;-;99,9;0,05;0,05;0,16;0;0,16;0;-;0;0;0;0;-;0;-;0,1;0;0;0;0;0;0;0;0;0;0;0;0;0;0;0;0;0;0;0;0;0,031;20;-;0,005;0,05;1;0;0,002;3;6;0,001;12,5;0,013;0;-;0;0;0;-;0;0;0;0;0;0;0;0
Limonade, sucr�e;-;-;-;-;90,5;0,04;0,04;8,45;0,02;8,45;1,24;-;1,22;0,13;0,13;5,98;0;0;-;0,1;0;0;0;0;0;-;-;-;-;-;-;-;-;-;-;-;-;-;-;0;0,015;6,52;-;0,0029;0,0092;0,5;0,58;0,0015;-;3,51;10;5,72;0,01;0;0;0;0;-;-;0;0;0;0;0;0;0;0
Eau de coco;64,2;15,2;63,5;15,1;95,7;0,42;0,5;3,33;0,3;2,48;0,92;0,1;0,7;0,1;0,1;0,86;0,3;0,5;0,7;0,45;0;0,051;0,01;0,01;0,01;0,01;0,01;0,01;0,01;0,01;0,01;0,01;0,01;0,01;0,01;0,01;0,01;0,01;0,01;0;0,051;14;140;0,01;0,05;20;8,3;0,15;7,9;200;20;20,4;0,05;0;5;0,25;0,08;0,8;-;0,5;0,015;0,01;0,1;0,028;0,031;5;0
Boisson � l'eau min�rale ou de source, aromatis�e, sucr�e;-;-;-;-;-;0,086;0,086;3,48;0,086;3,48;0,78;-;1;0,2;0,2;1,7;0;0,044;-;0,03;0;0;0;0;0;-;-;-;-;-;-;-;-;-;-;-;-;-;-;0;0,012;11,7;-;0,005;0;1;2,3;0;0,001;0,33;0,5;4,74;0;0;0;0;0;-;-;0;0;0;0;0;0;0;0
Tonic ou bitter, non sucr�, avec �dulcorants;-;-;-;-;-;0,05;0,05;0,4;0;0,4;-;-;-;-;-;-;-;0,1;-;0,13;0;0;0;-;-;-;-;-;-;-;-;-;-;-;-;-;-;-;-;-;0,13;-;-;-;-;-;-;-;-;-;-;50;-;-;-;-;-;-;-;-;-;-;-;-;-;-;-
Tonic ou bitter, sucr�, avec �dulcorants;-;-;-;-;-;0;0;6,45;0;6,45;-;-;-;-;-;-;-;0,1;-;0;0;0;0;-;-;-;-;-;-;-;-;-;-;-;-;-;-;-;-;-;0;-;-;-;-;-;-;-;-;-;-;0;-;-;-;-;-;-;-;-;-;-;-;-;-;-;-
Boisson au th�, aromatis�e, sucr�e, avec �dulcorants;-;-;-;-;-;0;0;5,3;0;5,3;0,47;-;0,47;0,2;0,2;4,35;-;0;-;0;0;0;0;-;-;-;-;-;-;-;-;-;-;-;-;-;-;-;-;-;0;-;-;-;-;-;-;-;-;-;-;0;-;-;-;-;-;-;-;-;-;-;-;-;-;-;-
Limonade, sucr�e, avec �dulcorants;-;-;-;-;-;0;0;3;0;3;0,4;-;0,4;0,2;0,2;2,2;-;0;-;-;0;0;-;-;-;-;-;-;-;-;-;-;-;-;-;-;-;-;-;-;-;-;-;-;-;-;-;-;-;-;-;-;-;-;-;-;-;-;-;-;-;-;-;-;-;-;-
Cola, sucr�;178;41,8;178;41,8;90,3;0,093;0,093;10,2;0,062;10,2;2,84;-;2,87;0,1;0,1;4,45;0;0;0;0,04;0;0;0;0;0;0;0;0;0;0;0;0;0;-;-;-;-;0;0;0;0,017;1,92;-;0,0044;0,11;0,8;2,44;0,0012;10;2;2,2;6,71;0,016;0;0;0;0;0;-;0;0;0;0;0;0;0;0
Boisson gazeuse aux fruits (de 10 � 50% de jus), sucr�e;198;46,6;198;46,6;88,2;0,067;0,067;11,3;0,028;9,92;1,31;-;1,26;0,082;0,082;7,28;0;0;0;0,1;0;0,32;0;0;0;0;0;0;0;0;0;0;0;-;-;-;-;0;0;0;0,033;4,63;-;0,0065;0,025;0,4;2,67;0,0043;1;26,5;10;13,5;0,014;0;10;0;0;-;-;0;0;0;0;0;0;0;0
Boisson plate aux fruits, (� moins de 10% de jus), non sucr�e, avec �dulcorants;-;-;-;-;-;0,06;0,06;0,96;0,13;0,96;-;-;-;-;-;-;-;0,05;-;0,05;0;0;0;-;-;-;-;-;-;-;-;-;-;-;-;-;-;-;-;-;0,05;-;-;-;-;-;-;-;-;-;-;19,9;-;-;-;-;-;-;-;-;-;-;-;-;-;-;-
Boisson plate aux fruits (� moins de 10% de jus), sucr�e;-;-;-;-;-;0,1;0,1;4,4;0,1;4,38;-;-;-;-;-;-;-;0,1;-;0,017;0;0;0;-;-;-;-;-;-;-;-;-;-;-;-;-;-;-;-;-;0,017;-;-;-;-;-;-;-;-;-;-;6,86;-;-;-;-;-;-;-;-;-;-;-;-;-;-;-
Boisson plate aux fruits (10 � 50% de jus de jus), sucr�e, avec �dulcorants;-;-;-;-;-;0;0;6,17;0;6,17;-;-;-;-;-;-;-;0;-;0,033;0;-;0;-;-;-;-;-;-;-;-;-;-;-;-;-;-;-;-;-;0,033;-;-;-;-;-;-;-;-;-;-;13,3;-;-;-;-;-;-;-;-;-;-;-;-;-;-;-
Kombucha, pr�emball�;40;9,46;40;9,46;97,6;0,5;0,5;1,45;0,3;1,45;0,51;0,1;0,34;0,1;0,1;0,6;0,3;0,5;0;0,039;0;0,27;0,01;0,01;0,01;0,01;0,01;0,01;0,01;0,01;0,01;0,01;0,01;0,01;0,01;0,01;0,01;0,01;0,01;-;0,0053;5,7;6,5;0,01;0,05;20;1,5;0,07;0,5;7,7;20;2,1;0,05;-;5;0,25;0,08;0,8;-;0,5;0,015;0,01;0,1;0,0077;0,01;5;0,01
Boisson gazeuse, sans jus de fruit, sucr�e;158;37,1;158;37,1;90,6;0,14;0,14;8,67;0,078;8,67;3,69;-;3,09;0,2;0,2;1,89;0;0;0;0,11;0;0,38;0;0;0;0;0;0;0;0;0;0;0;0;0;0;0;0;0;0;0,091;11,5;-;0,012;0,12;2,9;1;0,013;3;3,5;0,029;36,4;0,032;0;0;0;0;0;-;0;0;0;0;0;0;0;0
Boisson � l'eau min�rale ou de source, aromatis�e, non sucr�e, sans �dulcorant;-;-;-;-;-;0,06;0,06;0,14;0;0;-;-;-;-;-;-;-;0;-;0,027;0;0;0;-;-;-;-;-;-;-;-;-;-;-;-;-;-;-;-;-;0,019;-;-;-;-;-;5;-;-;3;-;7,17;-;-;-;-;-;-;-;-;-;-;-;-;-;-;-
Boisson rafra�chissante sans alcool (aliment moyen);;;;;92,1;0,11;0,11;7,42;0,042;7,26;1,87;;2,11;;0,25;3,46;0,00025;0,025;;0,059;0;0,069;0,0074;0,0032;0,00026;;;;;;;;;;;;;;;0,06;0,028;6,22;;0,01;0,066;1,16;2,5;0,012;6,02;11,3;1,21;11,3;0,02;0,21;1,32;0,0099;0,0092;;;1,78;0,0034;0,0081;0,047;0,018;0,0085;1,3;0,0054
Boisson � l'eau min�rale ou de source, aromatis�e, non sucr�e, avec �dulcorants;-;-;-;-;-;0,086;0,086;0,28;0,086;0;-;-;-;-;-;-;-;0,067;-;0,012;0;0;0;-;-;-;-;-;-;-;-;-;-;-;-;-;-;-;-;-;0,012;-;-;-;-;-;-;-;-;-;-;4,67;-;-;-;-;-;-;-;-;-;-;-;-;-;-;-
Boisson gazeuse aux fruits (� moins de 10% de jus), sucr�e, avec �dulcorants;-;-;-;-;-;0;0;7;0;7;0,6;-;0,5;0,2;0,2;3,8;-;0;-;0,0075;0;0;0;-;-;-;-;-;-;-;-;-;-;-;-;-;-;-;-;-;0,0075;-;-;-;-;-;-;-;-;-;-;3;-;-;-;-;-;-;-;-;-;-;-;-;-;-;-
Boisson gazeuse aux fruits (de 10 � 50% de jus), sucr�e, avec �dulcorants;-;-;-;-;-;0,067;0,067;3,83;0;3,64;-;-;-;-;-;-;-;0;-;0,058;0;-;0;-;-;-;-;-;-;-;-;-;-;-;-;-;-;-;-;-;0,058;-;-;-;-;-;-;-;-;-;-;23,4;-;-;-;-;-;-;-;12;-;-;-;-;-;-;-
Limonade, non sucr�e, avec �dulcorants;-;-;-;-;99;0,067;0,067;0,1;0;0,082;-;-;-;-;-;-;0;0;-;0,022;0;0;0;0;0;-;-;-;-;-;-;-;-;-;-;-;-;-;-;0;0,022;0;-;0;0;0;0;0;0;0;0;8,56;0;0;0;0;0;-;-;0;0;0;0;0;0;0;0
Cola, sucr�, avec �dulcorants;-;-;-;-;95;0,0093;0,0093;6,65;0,0033;6,65;0,95;-;0,9;0,2;0,2;2,2;0;0,0033;-;0,08;0;0;0;0;0;-;-;-;-;-;-;-;-;-;-;-;-;-;-;0;0,011;0;-;0;0;0;0;0;17;10;0;4,2;0;0;0;0;0;-;-;0;0;0;0;0;0;0;0
Diabolo (limonade et sirop);-;-;-;-;-;0,075;0,075;10,6;0;10,6;-;-;-;-;-;-;-;0,069;-;0,021;0;0;0;-;-;-;-;-;-;-;-;-;-;-;-;-;-;-;-;-;0,021;-;-;-;-;-;-;-;-;-;-;8,5;-;-;-;-;-;-;-;-;-;-;-;-;-;-;-
Boisson gazeuse aux fruits (teneur en jus non sp�cifi�e), sucr�e (aliment moyen);198;46,6;198;46,6;88,4;0,068;0,068;11,2;0,03;9,91;1,42;;1,42;0,046;0,046;6,98;0;0,00043;0;0,096;0;0,29;0;0;0;0;0;0;0;0;0;0;0;;;;;0;0;0;0,032;4,63;;0,0065;0,025;0,4;2,61;0,0043;1;26,5;5;13,2;0,014;0;10;0;0;;;0;0;0;0;0;0;0;0
Boisson gazeuse aux fruits (� moins de 10% de jus), sucr�e;-;-;-;-;90,5;0,081;0,081;9,97;0,051;9,74;2,6;-;3,1;0,2;0,2;3,8;-;0,005;-;0,05;0;0;0;-;-;-;-;-;-;-;-;-;-;-;-;-;-;-;-;-;0,025;-;-;-;-;-;2;-;-;-;-;9,73;-;-;-;-;-;-;-;-;-;-;-;-;-;-;-
Boisson gazeuse aux fruits (de 10 � 50% de jus), non sucr�e, avec �dulcorants;-;-;-;-;98;0,073;0,073;1,39;0,014;1,26;0,36;-;0,35;0,11;0,11;0,39;0;0;-;0,1;0;-;0;0;0;-;-;-;-;-;-;-;-;-;-;-;-;-;-;0;0,017;6,37;-;-;-;-;1,99;-;-;63,7;-;6,28;-;-;-;-;-;-;-;3,89;0,01;-;0,03;-;0,04;-;0
"Boisson pr�par�e � partir de boisson concentr�e � diluer, non sucr�e, avec �dulcorants, type ""sirop 0%"", dilu�e dans l'eau";-;-;-;-;93,4;0,5;0,5;2,42;0;0,83;-;-;0,17;-;0,5;0,25;-;0;-;0,14;0;-;-;-;-;-;-;-;-;-;-;-;-;-;-;-;-;-;-;-;0,074;-;-;-;-;-;-;-;-;61,3;-;29,7;-;-;-;-;-;-;-;-;-;-;-;-;-;-;-
Boisson pr�par�e � partir de sirop � diluer type menthe, fraise, etc, sucr�, dilu� dans l'eau;-;-;-;-;92,2;0,055;0,055;7,7;0;7,7;1,71;-;2,67;-;0,69;2,63;0;0;-;0,028;0;0,063;0;0;0;-;-;-;-;-;-;-;-;-;-;-;-;-;-;0;0,012;7,55;-;0,004;0,025;0;2,71;0,001;0,5;5,06;0;4,94;0,01;0;2;0;0;-;-;1,3;0,001;0,0011;0,0071;0,0033;0,0025;1,51;0
Cola, non sucr�, avec �dulcorants;5,47;1,3;5,47;1,3;99,7;0,081;0,081;0,11;0,053;0,11;0,01;-;0,0057;0,01;0,01;0;0;0,003;0;0,065;0;0,019;0;0;0;0;0;0;0;0;0;0;0;-;-;-;-;0;0;0;0,024;2,26;-;0,0068;0,065;0,8;2,38;0,0012;10;6;2,2;9,88;0,016;0;0;0;0;0;-;0;0,005;0,023;0;0;0;0;0
Boisson au th�, aromatis�e, teneur en sucre et �dulcorant inconnue (aliment moyen);116;27,3;116;27,3;93,8;0,028;0,028;6,11;0,0092;5,9;0,2;;0,6;0,1;0,1;5,69;0;0;0;0,076;0;0;0;0;0;;;;;;;;;;;;;;;0;0,061;1,8;;0,0024;0,0089;0,36;1,31;0,065;0;11,6;4,5;24,5;0,013;0;0;0;0;;;0;0;0;0;0;0;0;0
Cola, teneur en sucre et �dulcorant inconnue (aliment moyen);131;30,7;131;30,7;92,9;0,089;0,089;7,45;0,059;7,41;2,06;;2,08;0,039;0,039;3,23;0;0,00084;0;0,047;0;0,0052;0;0;0;0;0;0;0;0;0;0;0;;;;;0;0;0;0,019;2;;0,005;0,097;0,79;2,4;0,0006;10,1;3,14;1,09;7,55;0,0081;0;0;0;0;0;;0;0,0014;0,0062;0;0;0;0;0
Boisson au th�, aromatis�e, � teneur r�duite en sucres;-;-;-;-;94,5;0;0;-;0;-;-;-;-;-;-;-;0;0;-;-;0;0;-;0;0;-;-;-;-;-;-;-;-;-;-;-;-;-;-;-;-;-;-;-;-;-;-;-;-;-;-;-;-;-;-;-;-;-;-;-;-;-;-;-;-;-;-
Boisson au th�, aromatis�e, non sucr�e, avec �dulcorants;-;-;-;-;99,5;0,014;0,014;0,34;0;0,32;-;-;-;-;-;-;0;0;-;0,1;0;0;0;0;0;-;-;-;-;-;-;-;-;-;-;-;-;-;-;0;0,099;0;-;0;0;0;2,3;0;0;0;0;40,3;0;0;0;0;0;-;-;0;0;0;0;0;0;0;0
Cola, sucr�, sans caf�ine;186;43,8;186;43,8;89,6;0;0;11;0;11;6,1;-;4,48;-;-;0;0;0;0;0,06;0;0;0;0;0;0;0;0;0;0;0;0;0;-;-;-;-;0;0;0;0,025;2;-;0;0,02;-;0;0;11;3;-;10;0,01;0;0;0;0;0;-;0;0;0;0;0;0;0;0
Cola, non sucr�, avec �dulcorants, sans caf�ine;3,7;0,87;3,7;0,87;99,7;0;0;0,2;0;0,2;-;-;-;-;-;-;-;0;0;0,038;0;0,019;0;0;0;0;0;0;0;0;0;0;0;-;-;-;-;0;0;0;0,018;3;-;0,002;0,02;-;0;0;10;7;-;7;0,01;0;0;0;0;0;-;0;0,005;0,023;0;0;0;0;0
Boisson au th�, aromatis�e, sucr�e;116;27,3;116;27,3;93,1;0,033;0,033;6,76;0,022;6,52;0,2;-;0,6;0,2;0,2;5,7;0;0;0;0,074;0;0;0;0;0;-;-;-;-;-;-;-;-;-;-;-;-;-;-;0;0,058;2;-;0,0027;0,0099;0,4;1,2;0,072;0;12,9;10;22,8;0,015;0;0;0;0;-;-;0;0;0;0;0;0;0;0
Boisson gazeuse, sans jus de fruit, sucr�e, avec �dulcorants;-;-;-;-;-;0;0;6,8;0;6,8;-;-;-;-;-;-;-;0;-;0;0;0;0;-;-;-;-;-;-;-;-;-;-;-;-;-;-;-;-;-;0;-;-;-;-;-;-;-;-;-;-;0;-;-;-;-;-;-;-;-;-;-;-;-;-;-;-
Boisson plate aux fruits (10 � 50% de jus), � teneur r�duite en sucres;-;-;-;-;94,5;0,014;0,014;5,16;0,01;5,06;-;-;-;-;-;-;0;0;-;0,02;0;-;0;0;0;-;-;-;-;-;-;-;-;-;-;-;-;-;-;0;0,019;0;-;0;0;0;0;0;0;1,6;0;7,45;0;0;0;0;0;-;-;0;0;0;0;0;0;0;0
Boisson plate aux fruits (teneur en jus non sp�cifi�e), sucr�e;-;-;-;-;88,3;0,1;0,1;11,2;0,07;10,6;2,09;-;2,05;0,2;0,2;6,25;0;0;-;0,08;0;-;0;0;0;-;-;-;-;-;-;-;-;-;-;-;-;-;-;0;0,0018;13;-;0,02;0,1;1;4,6;0,007;5;48;0;0,7;0,06;0;0;0;0;-;-;4,33;0,043;0,01;0,9;0;0,055;10;0
Boisson plate aux fruits (10 � 50% de jus), sucr�e;-;-;-;-;89,3;0,13;0,13;10,1;0,06;9,76;2,9;-;2,88;0,2;0,2;3,98;0;0,041;-;0,092;0;0,3;0;0;0;-;-;-;-;-;-;-;-;-;-;-;-;-;-;0;0,067;2,5;60;0,1;0,1;1;2,4;0,1;10;20,1;2,2;28;0,1;0;2;0;0;-;-;12,8;0,01;0,01;0,04;0,04;0,04;6,2;0
Boisson gazeuse aux fruits (� moins de 10% de jus), non sucr�e, avec �dulcorants;-;-;-;-;99,2;0,063;0,063;0,45;0,13;0,43;0,13;-;0,13;0,2;0,2;0,16;0;0;-;0,08;0;0;0;0;0;-;-;-;-;-;-;-;-;-;-;-;-;-;-;0;0,022;0;-;0;0;0;0;0;0;8,3;0;10;0;0;0;0;0;-;-;0;0;0;0;0;0;0;0
Boisson gazeuse � la pomme (de 50 � 99% de fruits), non sucr�e;-;-;-;-;-;0;0;7,5;0;6,5;-;-;-;-;-;-;0;0;-;0,069;0;-;0;0;0;-;-;-;-;-;-;-;-;-;-;-;-;-;-;0;0,00025;2,92;-;0,01;0,1;0,7;1,94;-;3;60,3;0,05;0,1;0,01;0;2;0;0;-;-;0;0,01;0,006;0,01;0,02;0,01;4;0
Tonic ou bitter, sucr�;-;-;-;-;88,9;0,068;0,068;8,28;0,066;7,38;2,29;-;2,28;0,2;0,2;2,81;0;0,05;-;0,1;0;0;0;0;0;0;0;0;0;0;0;0;0;-;-;-;-;0;0;0;0,014;7,48;-;0,0029;0,03;1;2,45;0,0011;0;1;2,2;6,83;0,017;0;0;0;0;0;-;0;0;0;0;0;0;0;0
Boisson gazeuse aux fruits (� moins de 10% de jus), non sucr�e, sans �dulcorant;-;-;-;-;-;0;0;4,17;0;4;-;-;-;-;-;-;-;0;-;0,005;0;0;0;-;-;-;-;-;-;-;-;-;-;-;-;-;-;-;-;-;0,002;-;-;-;-;-;-;-;-;-;-;5;-;-;-;-;-;-;-;-;-;-;-;-;-;-;-
Boisson �nergisante, sucr�e;-;-;-;-;88;0,2;0,2;11,9;0;11,7;-;-;-;-;-;-;0;0,1;-;0,11;0;0;0;0;0;-;-;-;-;-;-;-;-;-;-;-;-;-;-;0;0,11;0;-;0;0;0;0;0;0;0;0;46,2;0;0;0;0;1,8;-;-;40;0,21;0,52;6,08;1,76;1,05;0;0,63
Boisson �nergisante, non sucr�e, avec �dulcorants;-;-;-;-;-;0,073;0,073;0,95;0,1;0,45;-;-;-;-;-;-;-;0;-;0,17;0;0;0;-;-;-;-;-;-;-;-;-;-;-;-;-;-;-;-;-;0,17;-;-;-;-;-;-;-;-;-;-;68,3;-;-;-;-;-;-;-;-;-;0,65;8,2;2;1,64;-;-
Boisson au jus de fruit et au lait;201;47,5;201;47,5;87,5;0,56;0,56;9,63;0,3;9,63;0,46;0,1;0,56;0,68;0,1;7,93;0;3;0;0,25;0;0,36;0,2;0,09;0,01;0,01;0,01;0,02;0,02;0,01;0,03;0,09;0,03;0,09;0,01;0,01;0,01;0,01;0,01;0,5;0,03;57,4;60;0,1;0,2;1;8,1;0,1;19;68,4;-;12;0,1;2;-;0,5;0,23;-;-;9;0,01;0,035;0,11;0,085;0,04;9,2;0,08
Boisson lact�e aromatis�e (ar�me inconnu), sucr�e, au lait partiellement �cr�m�, enrichie et/ou restaur�e en vitamines et/ou min�raux (aliment moyen);;;;;;2,93;2,87;12,1;1,08;11,5;;;;;;;;0,045;0;0,32;0;;0,68;;;;;;;;;;;;;;;;;;0,098;122;;;;;;;;;;38,9;;;;0,77;;;;;;0,2;;;;;0,34
Boisson lact�e aromatis�e au chocolat, sucr�e, au lait partiellement �cr�m�, enrichie et/ou restaur�e en vitamines et/ou min�raux;270;63,8;271;64,1;84,7;2,75;2,7;10,8;0,99;9,45;0,35;0,05;0,13;4,36;0,002;4,57;0,1;1;0;0,68;0;0;0,7;0,26;0,023;0,023;0,016;0,011;0,025;0,032;0,099;0,32;0,15;0,24;0,02;0,005;0,005;0,005;0,005;7,5;0,095;85;-;0,11;0,3;15,4;17;0,036;99;185;1,34;38,1;0,44;39;11;0,64;0,042;0,2;-;0;0,041;0,17;0,15;0,44;0,027;2,6;0,21
Boisson lact�e aromatis�e � la fraise, sucr�e, au lait partiellement �cr�m�, enrichie � la vitamine D;223;52,6;224;52,7;86,9;2,17;2,13;10;0,45;10;1,4;-;0,47;4,21;0,5;3,93;0;0;0;0,6;0;0;0,3;0,11;0,013;-;-;-;-;-;-;-;-;-;-;-;-;-;-;2,7;0,14;76,6;106;0,06;1;66;9,3;0,05;72;125;1,9;56;0,4;2;50;0,5;0,1;-;-;0,96;0,04;0,16;0,16;0,71;0,05;5;0,25
Lait de coco ou Cr�me de coco;775;188;775;188;75,1;1,77;1,77;3,4;18,4;2,1;0,3;-;0,3;-;0,3;2;-;0,57;0;0,69;0;0;16,5;0,88;0,2;-;0,11;1,31;1,04;8,27;3,27;1,58;0,97;-;0,16;0,02;-;-;-;0;0,075;18;-;0,22;3,3;1;46;0,77;96;220;3;30;0,56;0;0;0;0,7;-;-;1;0,022;0;0,64;0,15;0,028;14;0
Boisson � l'amande, nature, non sucr�e, non enrichie, pr�emball�e;150;36,3;150;36,3;94,6;1,06;1,06;0,68;3,2;0;0,1;0,1;0,1;0,1;0,1;0,1;0,3;0,5;0;0,19;0;0,019;0,31;2,05;0,62;0,01;0,01;0,01;0,01;0,01;0,01;0,23;0,08;2;0,62;0,01;0,01;0,01;0,01;0;0,051;12;-;0,05;0,1;20;8,3;0,05;16;31;20;20,5;0,11;0;5;0,25;0,96;0,8;-;0,5;0,015;0,016;0,16;0,028;0,01;5;-
Boisson � l'amande, sucr�e, enrichie en calcium, pr�emball�e;185;44,4;185;44,4;92;0,69;0,69;3,96;2,8;3,44;0,68;0,1;0,1;0,1;0,1;2,76;0,4;0,5;0;0,29;0;0,039;0,58;1,57;0,49;0,01;0,01;0,03;0,02;0,12;0,05;0,25;0,11;1,52;0,49;0,01;0,01;0,01;0,01;-;0,095;54;36,2;0,04;0,35;20;12;0,05;20;32;20;38,1;0,12;-;5;0,25;0,67;0,8;-;0,5;0,015;0,012;0,11;0,02;0,01;5;-
Boisson plate aux fruits (10 � 50% de jus), non sucr�e, avec �dulcorants;-;-;-;-;-;0,1;0,1;1,4;0,1;1,3;-;-;-;-;-;-;-;0,1;-;0,033;0;-;0;-;-;-;-;-;-;-;-;-;-;-;-;-;-;-;-;-;0,033;-;-;-;-;-;-;-;-;-;-;13,3;-;-;-;-;-;-;-;-;-;-;-;-;-;-;-
Boisson au soja, nature, non enrichie, pr�emball�e;155;37,1;149;35,8;93;3,31;3,63;0,7;2,07;0,4;0,2;-;0,2;0,2;0,2;0,39;0,35;0,6;0;0,33;0;0;0,26;0,39;0,99;0,00083;0,00083;0,00083;0,00083;0,00083;0,0017;0,17;0,076;0,37;0,88;0,12;0,00083;0,00083;0,00083;0,7;0,061;12;7;0,11;0,41;20;16;0,19;50;110;50;24,3;0,29;21;2;0,5;0,11;3,81;-;1;0,025;0,01;0,18;0,058;0,034;26,1;0
Boisson au soja, nature, enrichie en calcium, pr�emball�e;185;44,2;179;42,9;90,8;3,42;3,75;2,18;2,05;2,18;0,2;-;0,2;0,2;0,2;2,18;0,35;1;0;0,53;0;0;0,26;0,39;1;0,00082;0,00082;0,00082;0,00082;0,00082;0,0016;0,16;0,076;0,36;0,88;0,12;0,00082;0,00082;0,00082;0,7;0,097;98;26;0,09;0,45;20;13;0,17;81;86;50;38,8;0,24;21;-;1,16;-;3,55;-;-;0,025;0,01;0,1;0,033;0,022;22,3;-
Boisson au soja, aromatis�e, sucr�e, non enrichie, pr�emball�e;254;60,5;249;59,3;86,8;2,96;3,25;7,24;1,92;6,72;0,19;-;0,19;0,19;0,19;6,72;0,35;0,6;0;0,47;0;0;0,3;0,38;0,85;0,00077;0,00077;0,00077;0,00077;0,00077;0,0015;0,18;0,11;0,36;0,75;0,097;0,00077;0,00077;0,00077;0,7;0,12;12;48,8;0,11;0,51;20;18;0,18;49;140;50;48,7;0,3;21;2;0,5;0,11;3,53;-;0;0,025;0,01;0,1;0,068;0,021;5,4;0,014
Boisson au soja, aromatis�e, sucr�e, enrichie en calcium, pr�emball�e;179;42,8;174;41,6;90,6;3,01;3,3;2,89;1,8;2,7;0,68;-;0,29;0,2;0,2;1,74;0,35;1,1;0,5;0,6;0;0;0,28;0,36;1,02;0,01;0,01;0,01;0,01;0,01;0,01;0,2;0,08;0,34;0,89;0,13;0,01;0,01;0,01;-;0,12;53;32;0,1;0,4;20;21;0,1;48;137;20;47,9;0,2;-;8,91;0,25;0,16;2,52;-;0,5;0,015;0,055;0,12;0,11;0,064;7,31;-
Boisson au riz, nature, pr�emball�e;227;53,7;226;53,6;87,6;0,46;0,5;10,8;1;5,6;0,2;-;3,6;0,2;2;0,2;0,35;0,5;0;0,25;0;0;0,11;0,27;0,56;0,01;0,01;0,01;0,01;0,01;0,01;0,08;0,03;0,27;0,56;0,01;0,01;0,01;0,01;-;0,074;5;51;0,01;0,01;20;3,3;0,03;10;16;20;29,5;0,05;-;5;0,25;0,48;0,8;-;0,5;0,015;0,01;0,18;0,15;0,01;5;-
Boisson � base d'avoine, nature, pr�emball�e;179;42,6;179;42,5;90,5;0,46;0,5;7,8;1,1;5;0,2;-;3,4;0,2;1,5;0,2;0,35;0,5;0;0,25;0;0;0,2;0,37;0,5;0,01;0,01;0,01;0,01;0,01;0,01;0,17;0,03;0,36;0,5;0,01;0,01;0,01;0,01;-;0,066;1;50;0,01;0,02;20;2,3;0,04;11;32;20;26,4;0,05;-;5;0,25;0,37;0,8;-;0,5;0,029;0,01;0,1;0,079;0,01;6,39;-
Boisson � la ch�taigne, nature, pr�emball�e;291;68,9;290;68,8;83,9;0,42;0,5;13,5;1,4;9,01;0,17;0,1;5,72;0,1;2,7;0,42;0,3;0,61;0;0,37;0;0,036;0,18;0,46;0,67;0,01;0,01;0,01;0,01;0,01;0,01;0,13;0,05;0,45;0,67;0,01;0,01;0,01;0,01;-;0,077;77;52,9;0,02;0,22;20;9,3;0,17;11;42;20;30,6;0,12;-;5;0,25;0,51;0,8;-;0,5;0,016;0,01;0,25;0,16;0,01;5;-
Boisson � la noix de coco, nature, pr�emball�e;131;31,4;130;31,3;94,6;0,42;0,5;2,75;2,1;2,46;0,69;0,1;0,096;0,1;0,1;1,68;0,29;0,5;0;0,13;0;0,0063;1,87;0,12;0,04;0,01;0,02;0,22;0,11;0,87;0,35;0,2;0,1;0,12;0,04;0,01;0,01;0,01;0,01;-;0,089;2,7;55;0,02;0,05;20;2,1;0,03;3,9;14;20;35,6;0,05;-;5;0,25;0,08;0,8;-;0,5;0,015;0,01;0,1;0,007;0,01;5;-
Boisson au soja et jus de fruits concentr�s, pr�emball�e;238;56,2;238;56,2;-;2,3;2,3;9,5;1;5,8;-;-;-;0;-;-;-;0;0;0,22;0;0;-;0,13;0,33;-;-;-;-;-;-;-;-;-;-;-;-;-;-;0,5;0,22;-;-;-;-;-;-;-;-;-;-;87;-;-;-;-;-;-;-;-;-;-;-;-;-;-;-
Caf�, non instantan�, non sucr�, pr�t � boire;29;6,88;29;6,88;97,8;0,5;0,5;1,35;0,018;0;0,1;0,1;0,1;0,1;0,1;0,1;0,3;0,5;0,5;0,31;0;0,078;0,002;0,015;0,001;0;0;0;0;0;0;0,002;0;0,015;-;0;-;0;0;0;0,0067;4,3;5,16;0,01;0,05;20;9,2;0,07;7,4;150;20;2,7;0,05;0;5;0,25;0,08;0,8;-;0,5;0,015;0,01;1,26;0,013;0,73;5;0
Th� infus�, non sucr�;0,26;0,063;0,26;0,063;99,8;0;0;0;0,007;0;-;-;-;-;-;-;0;0;0;0,4;0;0;0,002;0,001;0,004;0;0;0;-;0;0;0,001;0;-;-;-;-;0;0;0;0,0041;0,2;-;0,018;0,015;0,22;2;0,19;1;25,5;0,05;1,65;0,025;0;0;0;0;0;-;0;0;0,015;0,1;0,011;0;4,95;0
Tisane infus�e, non sucr�e;3,7;0,87;3,7;0,87;99,7;0;0;0,2;0,008;0;-;-;-;-;-;-;0;0;0;0,015;0;0;0,002;0,001;0,005;0;0;0;0;0;0;0;0;-;-;-;-;0;0;0;0,0025;2;-;0,015;0,08;1;1;0,044;0;9;-;1;0,04;0;0;0;0;0;-;0;0,01;0,004;0;0,011;0;1;0
Caf� d�caf�in�, non instantan�, non sucr�, pr�t � boire;18,6;4,42;18,6;4,42;98,6;0,1;0,1;0,6;0,18;0;0;0;0;0;0;0;0;0;0;0,17;0;0;0,047;0,015;0,047;0;0;0;0;0;0;0,024;0;0,015;-;0;-;0;0;0;0,02;2;-;0,029;0,09;1;42,5;0,039;4;84,5;-;8;0,035;0;0;0;0;0,1;-;0;0,001;0,18;2,71;0,015;0;1;0
Caf� expresso, non instantan�, non sucr�, pr�t � boire;32;7,64;32;7,64;97,8;0,5;0,5;1,16;0,2;0;0,1;0,1;0,1;0,1;0,1;0,1;0,3;0,5;0,5;0,3;0;0,033;0,092;0,015;0,092;0;0;0;0;0;0;0,046;0;0,015;-;0;-;0;0;0;0,0071;3,5;5,1;0,01;0,05;20;7,9;0,05;6,9;150;20;2,82;0,05;0;5;0,25;0,08;0,8;-;0,5;0,015;0,01;1,73;0,028;0,74;5;0
Caf� d�caf�in�, instantan�, non sucr�, pr�t � boire;8,91;2,1;8,91;2,1;98,9;0,12;0,12;0,4;0,002;0;-;-;-;-;-;-;0;0;0;0,2;0;0;0,001;0;0,001;0;0;0;0;0;0;0,001;0;0;0;0;0;0;0;0;0,01;4;-;0,01;0,04;1;4;0,012;3;36;-;4;0,01;0;0;0;0;0;-;0;0;0,014;0,28;0,001;0;0;0
Caf�, instantan�, non sucr�, pr�t � boire;6,95;1,64;6,95;1,64;99,2;0,1;0,1;0,3;0,004;0;-;-;-;-;-;-;0;0;0;0,19;0;0;0,002;0;0,002;0;0;0;0;0;0;0,001;0;0;0;0;0;0;0;0;0,01;4;-;0,006;0,04;1;4;0,015;3;30;0,03;4;0,008;0;0;0;0;0;-;0;0;0,001;0,24;0,001;0;0;0
Boisson cacaot�e ou au chocolat, instantan�e, sucr�e, pr�te � boire (reconstitu�e avec du lait demi-�cr�m� standard);292;69,3;292;69,3;84,7;3,78;3,78;9,5;1,42;-;0;-;0;4,17;0;4,51;-;1,7;0;0,79;0;0;0,85;0,48;0,05;0,041;0,024;0,015;0,035;0,042;0,13;0,36;0,17;0,33;0,035;0,0081;-;-;-;7;0,12;97,1;-;0,11;0,87;24,3;27,5;0,1;-;239;10;46,2;0,5;15,3;-;0,083;0,046;-;-;0;0,037;0,16;0,15;0,34;0,03;3,2;0,085
Boisson cacaot�e ou au chocolat, instantan�e, sucr�e, enrichie en vitamines, pr�te � boire (reconstitu�e avec du lait demi-�cr�m� standard);303;71,9;303;71,9;83,2;4,08;4,08;9,91;1,71;-;-;-;-;-;-;-;-;0,5;0;0,83;0;0;0,99;0,38;-;0,0033;0,028;0,019;0,044;0,052;0,16;0,44;0,2;0,38;0,039;0,0098;-;-;-;-;-;-;-;-;-;-;-;-;-;-;-;-;-;-;-;-;-;-;-;-;-;-;-;-;-;-;0,07
Caf� au lait, caf� cr�me ou cappuccino, instantan� ou non, non sucr�, pr�t � boire;90,5;21,5;91;21,6;95,3;1,39;1,36;2,31;0,76;2,31;-;-;-;2,31;-;-;0;0;0;0,42;0;0;0,47;0,23;0,023;0,024;0,014;0,0091;0,021;0,027;0,082;0,22;0,068;0,17;0,02;0,0035;-;-;-;2,5;0,059;62,2;-;0,007;0,13;5,6;8,52;0,016;42,6;109;0,6;23,4;0,22;9,5;-;0,025;0,02;-;-;-;0,032;0,12;0,15;0,31;0,015;2,81;0,03
Chicor�e et caf�, instantan�, non sucr�, pr�te � boire (reconstitu�e avec du lait demi-�cr�m� standard);226;53,7;227;54,1;87;3,74;3,66;5,9;1,62;5;0;-;0;4,5;0;0;0,6;0,46;0;0,9;0;0;1;0,47;0,05;-;-;-;-;-;-;-;-;-;-;-;-;-;-;4,4;0,13;117;-;0;0,37;10,4;13,2;0;-;162;0,9;52,2;0,5;17,9;-;0,01;0,16;-;-;-;0,054;0,18;0,93;0,35;0,025;2,6;0,26
Th� noir, infus�, non sucr�;5,36;1,26;5,36;1,26;99,7;0;0;0,3;0,007;0;-;-;-;-;-;-;-;0;0;0,049;0;0;0,002;0,001;0,004;0;0;0;0;0;0;0,001;0;-;-;-;-;0;0;0;0,0075;0;-;0,01;0,02;-;3;0,22;1;37;-;3;0,02;0;0;0;0;0;-;0;0;0,014;0;0,011;0;5;0
Th� vert, infus�, non sucr�;21,7;5,1;21,7;5,1;98,5;0;0;1,09;0;-;-;-;-;-;-;-;0;0;0;0,14;0;0,25;-;-;-;-;-;-;-;-;-;-;-;-;-;-;-;-;-;-;0,011;3,78;8,27;0,03;0,06;20;3,49;1,49;3,68;53,8;20;4,25;0,05;-;5;-;-;0,8;-;0,5;0,015;0,01;0,21;0,13;0,01;6,99;-
Th� oolong, infus�, non sucr�;0;0;0;0;-;0;0;0;0;-;-;-;-;-;-;-;-;0;0;-;0;0;-;-;-;-;-;-;-;-;-;-;-;-;-;-;-;-;-;-;-;-;-;-;-;-;-;-;-;-;-;-;-;-;-;-;-;-;-;-;-;-;-;-;-;-;-
Chicor�e, instantan�e, non sucr�e, pr�te � boire (reconstitu�e avec du lait demi-�cr�m� standard);388;93,5;388;93,5;-;0;0;7,1;7,1;-;-;-;-;-;-;-;-;0,59;0;0,13;0;0;-;-;-;-;-;-;-;-;-;-;-;-;-;-;-;-;-;-;0,13;-;-;-;-;-;-;-;-;-;-;50,9;-;-;-;-;-;-;-;-;-;-;-;-;-;-;-
Chicor�e et caf�, instantan�, non sucr�, pr�t � boire (reconstitu�e avec de l'eau);121;28,7;121;28,7;92,2;0,56;0,56;6,06;0,3;0,43;0,25;0,1;0,1;0,1;0,1;0,18;0,3;0,6;0,5;0,43;0;0,02;-;-;-;-;-;-;-;-;-;-;-;-;-;-;-;-;-;-;0,022;11;12,6;0,02;0,2;20;35;0,1;15;160;20;8,93;0,05;-;5;0,25;0,08;0,8;-;0,5;0,015;0,01;1,53;0,055;0,86;5,5;-
Caf�, moulu;1660;397;1660;397;5,5;14,4;14,4;40,2;15,4;-;-;-;-;-;-;-;-;19,8;0;5,9;0;0;-;-;-;-;-;-;-;-;-;-;-;-;-;-;-;-;-;0;0,19;120;-;1,55;4,1;0,5;240;2,13;160;2020;10;74;0,79;0;-;0;2,7;0;-;0;0,07;0,2;15;0,23;0,001;22;0
Caf�, poudre soluble;1250;296;1250;296;4,95;19,4;19,4;42,6;1,1;0;-;-;-;-;-;-;0;19,1;0;9,29;0;0;0,2;0,041;0,2;0;0;0;-;0;0;0,15;0,035;-;-;-;-;0;0;0;0,098;151;-;0,12;4,41;0,5;359;1,71;327;3770;10,7;39;0,46;0;0;0;0;1,9;-;0;0,008;0,092;25,1;0,25;0,03;22;0
Sirop � diluer, sucr�;1080;255;1080;255;36,2;0,5;0,5;62,6;0,5;58,8;17,3;-;19,2;0,6;2,89;19,4;0;0,5;0,5;0,05;0;0,45;0;-;-;-;-;-;-;-;-;-;-;-;-;-;-;-;-;-;0,017;2,7;5;0,01;0,06;20;1,2;0,03;2,5;17;20;6,76;0,05;-;5;-;-;0,8;-;0,5;0,015;0,01;0,1;0,0074;0,01;5;-
"Boisson concentr�e � diluer, sans sucres ajout�s, avec �dulcorants, type ""sirop 0%""";92;21,7;92;21,7;93,8;0,5;0,5;2,76;0,5;0,66;0,29;-;0,37;0,15;0,15;0,1;-;0,7;0;0,2;0;2;-;-;-;0,006;-;-;-;-;-;-;-;-;-;-;-;-;-;-;0,028;6,6;1;0,01;0,04;20;2;0,02;2,2;57;20;11;0,05;-;5;-;0,08;0,8;-;0,5;0,027;0,01;0,49;0,17;0,01;5;-
Caf�, d�caf�in�, poudre soluble;1510;357;1510;357;3,2;12,7;12,7;76;0,2;0;-;-;-;-;-;-;-;0;0;9,1;0;0;0,087;0,018;0,087;0;0;0;0;0;0;0,065;0,016;0,015;0,067;0,006;0;0;0;0;0,058;140;-;0,069;3,8;-;311;1,22;286;3500;17,3;23;0,11;0;0;0;0;1,9;-;0;0;1,36;28,1;0,097;0;0;0
Th�, feuille;957;232;957;232;9,3;19,4;19,4;6,3;2;-;-;-;-;-;-;-;-;55,8;0;7;0;0;-;-;-;-;-;-;-;-;-;-;-;-;-;-;-;-;-;0;0,11;430;-;2,5;18;16;250;71;630;2160;-;45;2,9;0;-;0;2,1;-;-;0;0,14;0,95;7,5;1,3;0,3;-;0
Cacao, non sucr�, poudre soluble;1610;387;1610;387;3,5;22,4;22,4;11,6;20,6;0,9;0,2;-;0,2;0,2;0,2;0,9;8,5;29,5;0,5;10;0;2,4;12,4;6,65;0,62;0,01;0,01;0,01;0,01;0,01;0,02;5;7,04;6,5;0,58;0,04;0,01;0,01;0,01;0;0,11;140;20;3,9;48,5;20;500;4,1;690;3900;20;45;6,4;0;5;2,73;0,61;3,9;-;0,5;0,076;0,12;1,15;0,82;0,01;107;0
Poudre cacaot�e ou au chocolat pour boisson, sucr�e;1600;379;1600;379;1,67;6,65;6,65;75,6;3,29;67,9;0,2;-;4,4;0,2;0,2;54,4;5;10,5;0;2,72;0;0;2,16;0,81;0,17;0;0;0;0;0;0,019;0,95;1,2;0,81;0,11;0;0;0;0;0;0,21;116;-;0,069;13;1,2;166;0,041;244;605;2,2;85;0,7;0;-;0;0,1;-;-;0;0,06;0,04;0,5;0,041;0,02;23;0
Poudre malt�e, cacaot�e ou au chocolat pour boisson, sucr�e, enrichie en vitamines et min�raux;-;-;-;-;2,25;9,9;9,9;79,4;5,03;78,5;0,5;-;2,6;14,9;21,9;38,6;-;-;0;4,21;0;0;2,38;1,17;0,67;0,11;0,031;0,034;0,076;0,079;0,36;1,15;0,41;-;-;-;-;0;0;1;0,55;255;420;0,6;4,7;6;248;0,6;350;1100;-;219;1;580;8;0,5;11,8;2,5;-;48;0,98;1,57;16,8;6,02;1,84;219;2
Chicor�e et caf�, poudre soluble;1400;332;1400;332;4,1;9,3;9,3;66,9;0,35;-;-;-;-;-;-;-;0;12;0;6,73;0;0;0,12;0,015;0,07;-;-;-;-;-;-;0,052;0,012;-;-;-;-;-;-;0;0,72;103;-;0,05;4,76;0,5;213;1,2;271;3400;-;289;0,37;0;0;0;0;-;-;0;0;0,29;21,7;0,097;0,029;0;0
Chicor�e, poudre soluble;1350;323;1350;323;2,7;3,3;3,3;57,2;2,5;21,7;15,8;-;3;0,5;0,5;2,9;0,5;29,2;0;4,9;0;0;0,75;0,2;1,5;-;-;-;-;-;-;-;-;-;-;-;-;-;-;0;0,39;109;-;0,1;5,5;0,5;65;0,1;223;-;5;156;0,1;0;0;0;0;-;-;0;0,04;0,12;10,1;0,05;0,28;19,1;0
Caf� au lait ou cappuccino, poudre soluble;1750;416;1760;417;1;12,2;11,9;70,1;8,8;52;0,1;0,1;0,32;17,8;1,34;32,5;-;3,3;0;4,03;0;0,63;7,47;0,69;0,19;0,01;0,05;0,61;0,44;3,47;1,41;0,96;0,51;0,66;0,19;0,01;0,01;0,01;0,01;-;0,79;-;-;-;-;-;-;-;-;-;-;316;-;-;-;-;-;-;-;-;-;-;-;-;-;-;-
Caf� au lait ou cappuccino au chocolat, poudre soluble;1690;402;1700;402;-;11,2;11;67,1;9,13;62,2;-;-;0,13;-;0,5;44,9;-;3,51;0;4,17;0;0;7,83;0,81;0,084;-;-;-;-;-;-;-;-;-;-;-;-;-;-;-;1,29;-;-;-;-;-;-;-;-;-;-;516;-;-;-;-;-;-;-;-;-;-;-;-;-;-;-
Poudre cacaot�e ou au chocolat sucr�e pour boisson, enrichie en vitamines et min�raux;1590;376;1590;376;-;4,68;4,68;79,3;3,04;76,7;-;-;-;-;-;-;2;6,48;0;1,19;0;0;1,44;-;-;-;-;-;-;-;-;-;-;-;-;-;-;-;-;-;0,43;523;-;-;2,1;-;113;-;120;-;-;169;-;-;-;-;9;-;-;49,2;0,52;0,7;8,61;1,61;0,93;122;0,25
Poudre cacaot�e ou au chocolat pour boisson, sucr�e, enrichie en vitamines;1640;386;1640;386;2;4,29;4,29;85;2,04;82,7;-;-;-;-;-;-;2;5,3;0;2,4;0;0;1,3;0,59;0,059;-;-;-;-;-;-;-;-;-;-;-;-;-;-;-;0,31;36;-;-;2,1;-;71;-;120;-;-;124;1,7;-;-;-;-;-;-;25;0,48;0,66;5,23;2,2;0,76;66,7;0,33
Citron ou Lime, sp�cialit� � diluer pour boissons, sans sucres ajout�s;84,9;19,7;84,9;19,7;93,8;0,5;0,5;1,31;0;0,91;0,45;-;0,46;0,15;0,15;0,1;-;0;0;0,15;0;4,5;0;0;0;0,03;-;-;-;-;-;-;-;-;-;-;-;-;-;-;0,0035;6,1;2,8;0,01;0,05;20;3,2;0,01;4,7;44;20;1,4;0,05;-;5;-;0;-;-;5,56;0,27;0,01;0,1;0,025;0,01;6,44;-
Vin doux;-;-;-;-;73,1;0,2;0,2;10,5;0;7,78;5,14;-;2,59;-;-;0,05;0;0;-;0,99;15,2;0;0;0;0;0;0;0;0;0;0;0;0;-;-;-;-;0;0;0;0,027;7,46;-;0,053;0,35;1;9,07;0,071;9;83,1;0,07;10,9;0,11;0;0;0;0;0;-;0;0,018;0,014;0,14;0,032;0,0078;0,1;0
P�tillant de fruits;-;-;-;-;87,6;0;0;6,95;0;6,95;-;-;-;-;-;-;0;0;-;0,052;5,41;0;0;0;0;-;-;-;-;-;-;-;-;-;-;-;-;-;-;0;0,0075;6;-;0;0,4;0,7;4;0,05;4;30;-;3;0,1;0;-;0;0;-;-;-;-;-;0,1;0,2;0,1;-;-
Vin blanc mousseux;-;-;-;-;88,2;0;0;1,7;0;1,4;0,7;-;0,7;-;-;-;0;0;-;0,2;9,9;0;0;0;0;-;-;-;-;-;-;-;-;-;-;-;-;-;-;0;0,0035;9,16;-;0,0019;0,5;1;5,28;0,045;7;57;2,2;1,41;0,024;0;0;0;0;0;-;0;0,005;0,01;0,07;0,03;0,017;0,1;0
Champagne;-;-;-;-;86,8;0,3;0,3;2,81;0;1,4;-;-;-;-;-;-;0;0;-;0,19;9,9;0;0;0;0;-;-;-;-;-;-;-;-;-;-;-;-;-;-;0;0,0048;7,15;-;0,0062;0,11;0,7;7,97;0,049;7;22,8;10;1,93;0,042;0;0;0;0;-;-;0;0;0,01;0,1;0,045;0,02;0;0
Vin blanc mousseux aromatis�;-;-;-;-;-;0,2;0,2;5,1;0;5,1;-;-;-;-;-;-;0;0;-;0,17;8,9;0;0;0;0;-;-;-;-;-;-;-;-;-;-;-;-;-;-;0;0,033;14;-;-;0,6;-;-;-;13;110;-;13;0;0;0;0;0;-;-;0;0;0,01;0,1;-;0,01;0;-
Vin (aliment moyen);;;;;86,2;0,09;0,09;3,29;0;1,37;;;0,45;;;;0;0;;0,32;10,1;0;0;0;0;0;0;0;0;0;0;0;0;;;;;0;0;0;0,0067;7,52;;0,017;0,58;2,07;7,25;0,091;14,3;100;2,03;2,7;0,088;0;0,69;0;0;0,27;;0,034;0,0071;0,031;0,14;0,065;0,03;0,79;0
Vin rouge;341;82,1;341;82,1;86,8;0,07;0,07;2,63;0;0,62;-;-;0,1;-;-;-;0;0;0,017;0,29;10,2;0;0;0;0;0;0;0;0;0;0;0;0;-;-;-;-;0;0;0;0,0025;5,96;-;0,0094;0,56;0,74;7,13;0,094;18,7;118;2,2;1,01;0,13;0;1;0;0;0,4;-;0;0,005;0,027;0,18;0,087;0,043;0,73;0
Vin blanc (sec);-;-;-;-;87,8;0,5;0,5;4,04;0;0,17;0,08;-;0,09;0,1;0,1;0,05;0;0;-;0,19;7,75;0;0;0;0;0;0;0;0;0;0;0;0;-;-;-;-;0;0;0;0,0063;7,1;2,7;0,01;0,34;20;7,3;0,09;13,9;84,3;20;2,5;0,05;0;0;0;0;0,8;-;0,5;0,01;0,01;0,1;0,038;0,01;5;0
Vin ros�;-;-;-;-;88,9;0;0;1,6;0;-;0,7;-;0,7;-;-;-;-;0;-;0,2;9,3;0;-;-;-;-;-;-;-;-;-;-;-;-;-;-;-;-;-;0;0,01;12;-;0,035;0,95;1;7;0,1;6;75;0,2;4;0,027;0;-;0;0;0;-;0;0,01;0,07;0,1;0,04;0,023;0,2;0
Bi�re brune;-;-;-;-;92,7;0,43;0,43;4,1;0;4,1;-;-;-;-;-;-;0;0;-;0,1;3,19;0;0;0;0;-;-;-;-;-;-;-;-;-;-;-;-;-;-;0;0,029;6,91;-;0,07;0,02;4,1;9,55;0;14;45;0;11,6;0,17;0;0;0;0;-;-;0;0,005;0,03;0,59;0,11;0,03;8,5;-
"Bi�re ""coeur de march�"" (4-5� alcool)";-;-;-;-;92,7;0,39;0,39;2,7;0;0,98;0;0;0;0;0,04;0,01;0;0;-;0,17;3,57;0;0;0;0;0;0;0;0;0;0;0;0;-;-;-;-;0;0;0;0,0047;6,05;22,8;0,003;0,01;4,1;7,2;0,0057;11,5;36,6;2,2;1,88;0;0;0;0;0;0;-;0;0,005;0,028;0,74;0,053;0,05;5,64;0,02
Bi�re forte (>8� alcool);-;-;-;-;88,8;0,63;0,63;4,6;0;-;-;-;-;-;-;-;-;0;-;0,2;6;0;0;0;0;-;-;-;-;-;-;-;-;-;-;-;-;-;-;0;0,017;4,3;-;0,009;0,02;1,5;9;0,018;18,4;64,2;0,11;6,8;0,013;0;-;0;0;0;-;0;0,007;0,03;0,47;0,085;0,045;2,6;0,02
Cidre (aliment moyen);;;;;93,4;0,069;0,069;3,22;0,083;2,82;;;;;;;;0;0,4;0,28;3,21;;0;;;;;;;;;;;;;;;;;;0,01;7,65;;0,0038;0,62;3,27;3,13;0,025;3,83;99,7;3,44;4,19;0,022;;0,69;;;;;10,3;;;;;;;
Cidre brut;-;-;-;-;93,9;0;0;2,62;0;2,22;-;-;-;-;-;-;-;0;0,39;0,29;3,72;-;0;-;-;-;-;-;-;-;-;-;-;-;-;-;-;-;-;-;0,01;3,24;-;0,0033;0,84;0,7;2,92;0,024;3;95,8;2,2;4,12;0,022;-;0;-;-;-;-;14,1;-;-;-;-;-;-;-
Cidre doux;158;37,5;158;37,5;91,9;0,5;0,5;5,09;0,6;4,61;3,58;-;1,03;-;-;0,3;-;0;0,48;0,24;1,91;0,29;0;-;-;-;-;-;-;-;-;-;-;-;-;-;-;-;-;-;0,0098;17;23;0,01;0,1;20;3,5;0,03;6;110;20;3,9;0,05;-;5;-;-;0,8;-;0,5;0,015;0,01;0,1;0,064;0,01;5;-
Bi�re faiblement alcoolis�e (3� alcool);-;-;-;-;93,6;0,31;0,31;4,62;0,05;0,09;0,0047;0;0,0054;0;0,079;0,00068;0;0;-;0,16;2,23;0;0;0;0;0;0;0;0;0;0;0;0;-;-;-;-;0;0;0;0,0048;7,08;23,9;0,004;0,007;1,25;5,97;0,006;11,3;34,1;0,13;1,9;0;0;0;0;0;0;-;0;0,005;0,021;0,74;0,043;0,05;5,64;0,02
Bi�re blanche;143;34,6;143;34,6;-;0,5;0,5;0,43;0,6;0,18;0,08;-;0,1;0,1;0,1;0,05;0;0;0,5;0,17;4,17;0,11;-;-;-;-;-;-;-;-;-;-;-;-;-;-;-;-;-;-;0,0073;3,5;18,1;0,006;0,005;20;7,4;0,02;26,1;50,2;20;2,9;0,005;-;5;-;-;0,8;-;0,5;0,015;0,029;0,21;0,067;0,038;10,1;0,052
"Bi�re ""sp�ciale"" (5-6� alcool)";-;-;-;-;90,8;0,48;0,48;4,55;0,05;4;0;-;0;-;0;0;0;0;-;0,23;5,13;0;0;0;0;-;-;-;-;-;-;-;-;-;-;-;-;-;-;0;0,0048;5,89;24;0,004;0,006;1,9;9,84;0,005;25;48,8;0,9;1,92;0;0;0;0;0;-;-;0;0,04;0,3;0,8;1;0,05;7,98;-
"Bi�re ""de sp�cialit�s"" ou d'abbaye, r�gionales ou d'une brasserie (degr� d'alcool variable)";-;-;-;-;91,3;0,63;0,63;3,2;0;-;0,12;-;0,07;-;0,03;0,03;-;0;-;0,2;4,6;0;0;0;0;-;-;-;-;-;-;-;-;-;-;-;-;-;-;0;0,0093;4,9;-;0,006;0,012;1,5;7,9;0,008;21,5;41,6;0,11;3,7;0,018;0;-;0;0;0;-;0;0,006;0,019;0,65;0,14;0,045;2,6;0,02
Cidre traditionnel;-;-;-;-;94,2;0;0;1,87;0;1,58;-;-;-;-;-;-;-;0;0,28;0,29;3,64;-;0;-;-;-;-;-;-;-;-;-;-;-;-;-;-;-;-;-;0,013;8,95;-;0,003;0,74;0,7;3,4;0,02;3;95,8;0;5,35;0,02;-;0;-;-;-;-;14,1;-;-;-;-;-;-;-
Cidre bouch� demi-sec;201;48;201;48;93,9;0,5;0,5;4,4;0,6;3,7;3,2;-;0,5;-;-;0,3;0;0;0,7;0,28;3,71;0,63;-;-;-;-;-;-;-;-;-;-;-;-;-;-;-;-;-;-;0,007;17;32;0,01;0,2;20;3,4;0,04;7;120;20;2,8;0,05;-;5;-;-;0,8;-;0,5;0,015;0,01;0,1;0,086;0,02;5;-
Cidre aromatis� (framboise);149;35,4;149;35,4;92;0,5;0,5;5,34;0,6;4,96;2,74;-;1,04;-;-;1,19;-;0;0,38;0,26;1,36;0,48;-;-;-;-;-;-;-;-;-;-;-;-;-;-;-;-;-;-;0,008;16;17;0,01;0,1;20;4;0,05;5;110;20;3,2;0,05;-;5;-;-;0,8;-;0,5;0,015;0,01;0,1;0,078;0,015;5;-
Bi�re sans alcool ( 1,2� alcool);107;25,3;107;25,3;94;0,31;0,31;4,89;0,05;2,55;0,13;-;0,17;0,2;2,25;0;0;0;0,01;0,14;0,62;0;0;0;0;-;-;-;-;-;-;-;-;-;-;-;-;-;-;0;0,0038;4,75;18,8;0,003;0,011;1;6,2;0,0075;9,85;29,3;2,2;1,53;0;0;0;0;0;-;-;-;0,0028;0,013;0,65;0,047;0,04;5;0,0089
Pastis;1140;274;1140;274;59,7;0;0;2,86;0;0;-;-;-;-;-;-;0;0;0;0,002;37,5;0;0;0;0;-;-;-;-;-;-;-;-;-;-;-;-;-;-;0;0;0;-;-;-;1;0;0;-;2;0;0;0,02;0;0;0;-;-;-;0;0;0;0;0;0;0;0
Eau de vie;950;229;950;229;67,1;0;0;0,37;0;0;-;-;-;-;-;-;0;0;0;0,0091;32,6;0;0;0;0;-;-;-;-;-;-;-;-;-;-;-;-;-;-;0;0,0025;0,5;-;0,051;0,04;1,1;0;0;5;1;0;1;0,019;0;0;0;0;0;-;0;0;0;0;0;0;0;0
Gin;1100;265;1100;265;62,1;0;0;0;0;0;-;-;-;-;-;-;0;0;0;0,0052;37,9;0;0;0;0;0;0;0;0;0;0;0;0;0;0;0;0;0;0;0;0,005;0;-;0,0025;0,18;1;0;0;0;0;-;2;0,004;0;0;0;0;0;-;0;0;0;0;0;0;0;0
Liqueur;1380;328;1380;328;35,6;0,1;0,1;39,6;0,3;35,3;-;-;-;0;-;-;0;0;0;0,6;23,8;0;0,083;0,02;0,12;0;0;0;0;0;0;0,061;0,015;0,018;0,069;0,052;-;0;0;0;0,018;1;-;0,03;0,08;1;3;0,022;6;30;-;7,25;0,09;0;0;0;0;0;-;0;0,004;0,012;0,12;0;0;0;0
Rhum;1060;256;1060;256;63,5;0;0;0;0;0;-;-;-;-;-;-;0;0;0;0,0092;36,6;0;0;0;0;0;0;0;0;0;0;0;0;0;0;0;0;0;0;0;0,0025;0;-;0,059;0,08;1;0;0,018;4,5;2;-;1;0,043;0;0;0;0;0;-;0;0,007;0,004;0,013;0;0,001;0;0
Whisky;1050;252;1050;252;63,9;0;0;0,096;0;0,096;-;-;-;-;-;-;0;0;0;0,0041;36;0;0;0;0;0;0;0;0;0;0;0;0;0;0;0;0;0;0;0;0;0;-;0,017;0,02;1,25;0;0,008;3;1;-;0;0,014;0;0;0;0;0;-;0;0,008;0,001;0,05;0;0;0;0
Ap�ritif � base de vin ou vermouth;-;-;-;-;75,3;0,054;0,054;11,3;0;11,1;-;-;-;-;-;-;0;0;-;0,19;13,1;0;0;0;0;-;-;-;-;-;-;-;-;-;-;-;-;-;-;0;0,038;7,37;-;0,1;0,44;1,2;7;0;6,25;48;0;15;0,035;0;0;0;0;-;-;-;0;0;0,045;-;0,0075;0;0,0033
Vodka;1000;242;1000;242;65,5;0;0;0;0;0;-;-;-;-;-;-;0;0;0;0,01;34,5;0;0;0;0;0;0;0;0;0;0;0;0;0;0;0;0;0;0;0;0,0025;0;-;0,0083;0,025;1;0;0,018;4,75;1,25;-;1;0,022;0;0;0;0;0;-;0;0,0053;0,0063;0,013;0;0,001;0;0
Pastis, pr�t � boire (1+ 5);117;27,6;117;27,6;93,1;0;0;6,89;0;0;-;-;-;-;-;-;0;0;0;0,0072;0;0;0;0;0;0;0;0;0;0;0;0;0;0;0;0;0;0;0;0;0,0063;-;-;0,019;0,039;0,17;0,82;0,00068;-;-;0,42;1,99;0,013;0;0;-;-;0;0;0;0;0;0;0;0;0;0
Ap�ritif anis� sans alcool;-;-;-;-;-;0;0;1;0;0,03;-;-;-;-;-;-;0;1;-;0,044;0;0;0;-;-;-;-;-;-;-;-;-;-;-;-;-;-;-;-;0;0,038;1,83;-;-;0;1,2;0,33;0,004;0;3,9;0;15;0,03;-;0;-;0;-;-;0;0;0;0;0;0;0;-
Alcool pur;2730;660;2730;660;-;0;0;0;0;0;-;-;-;-;-;-;0;0;0;0;94,3;0;0;0;0;-;-;-;-;-;-;-;-;-;-;-;-;-;-;0;0;0;-;-;0;1;0;-;0;0;-;0;0;0;0;0;0;-;-;0;0;0;0;-;0;0;0
Marsala;887;211;887;211;57,7;0,1;0,1;27,9;0;27,9;-;-;-;-;-;-;0;0;0;0,12;14,2;0;0;0;0;-;-;-;-;-;-;-;-;-;-;-;-;-;-;0;0,01;4;-;-;0,4;-;-;-;12;97;-;4;0;0;0;0;0;-;-;0;0;0,01;0,1;-;0,01;0;-
Marsala aux oeufs;640;153;640;153;-;0;0;12,4;0;12,4;-;-;-;-;-;-;0;0;0;0;14,8;0;0;0;0;-;-;-;-;-;-;-;-;-;-;-;-;-;-;0;0;0;-;-;0;-;-;-;0;0;-;0;0;0;0;0;0;-;-;0;0;0;0;-;0;0;-
Cr�me de cassis;1030;245;1030;245;47,1;0;0;41;0;40,9;-;-;-;-;-;-;0;0;0;0,32;11,6;0;0;0;0;-;-;-;-;-;-;-;-;-;-;-;-;-;-;0;0;16,6;-;0,097;0,62;0,87;8,44;0,11;18,5;128;0,57;0;0,12;0;48,1;0;0,52;-;-;5;0,015;0,015;0,11;0,15;0,03;2,96;0
Eau de vie de vin, type armagnac, cognac;945;228;945;228;68;0;0;1;0;0;-;-;-;-;-;-;-;0;0;-;32;0;-;-;-;-;-;-;-;-;-;-;-;-;-;-;-;-;-;0;-;-;-;0,16;-;-;-;-;-;-;-;-;0,016;0;-;0;0;-;-;0;0;0;0;0;0;0;0
Eau de vie, type calvados;-;-;-;-;-;0;0;0;0;0;-;-;-;-;-;-;-;0;0;0;-;0;0;-;-;-;-;-;-;-;-;-;-;-;-;-;-;-;-;-;0;-;-;-;-;-;-;-;-;-;-;0;-;-;-;-;-;-;-;-;-;-;-;-;-;-;-
Sak� ou Alcool de riz;552;133;552;133;78,4;0;0;5;0;0;-;-;-;-;-;-;-;0;0;0,047;16,1;0;0;0;0;0;0;0;0;0;0;0;0;-;-;-;-;0;0;0;0,005;5;-;0,009;0,1;-;6;-;6;25;-;2;0,02;0;0;0;0;0;-;0;0;0;0;-;0;0;0
Cocktail � base de rhum;-;-;-;-;65;0;0;22,5;2,19;22,3;-;-;-;-;-;-;0;0,3;-;0,14;9,9;0;1,64;0,082;0,033;0;0,011;0,13;0,1;0,82;0,32;0,16;0,096;-;-;-;-;0;0;0;0,015;8;-;0,079;0,21;-;8;0,53;7;71;-;6;0,13;0;1;-;0,02;0,1;-;4,9;0,029;0,017;0,12;0,061;0,045;12;0
Cocktail � base de whisky;-;-;-;-;69,2;0;0;15,9;0,02;15,8;-;-;-;-;-;-;-;0;-;0,27;14,6;0;0,003;0,001;0,006;0;0;0;0;0;0;0,002;0;-;-;-;-;0;0;0;0,12;46;-;0,034;0,08;-;3;0,007;4;4;-;47;0,04;0;0;-;0;0;-;0,4;0,003;0,002;0,005;0,01;0;0;0
Sangria;-;-;-;-;83;0;0;10,3;0,05;9,5;-;-;-;-;-;-;0,21;0;-;0,31;6,32;0;0;0,013;0,027;-;-;-;-;-;-;-;-;-;-;-;-;-;-;-;0,0075;9,35;-;0,056;0,37;0,91;10,7;0,19;12,6;123;0,25;3;0,07;0;54;0;0,14;-;-;12,1;0,023;0,022;0,18;0,11;0,055;9,11;0
Kir (au vin blanc);-;-;-;-;83,5;0,18;0,18;7,36;0;5,55;-;-;-;-;-;-;0;0;-;0,27;8,69;0;0;0;0;-;-;-;-;-;-;-;-;-;-;-;-;-;-;0;0,0039;6,88;-;0,0027;0,67;0,96;5,09;0,08;18;108;2,2;1,56;0,082;0;8,7;0;0,14;-;-;18,5;0,0068;0,019;0,12;0,082;0,03;3,97;0
Kir royal (au champagne);-;-;-;-;82,5;0,25;0,25;7,97;0;5,66;-;-;-;-;-;-;0;0;-;0,18;9,1;0;0;0;0;-;-;-;-;-;-;-;-;-;-;-;-;-;-;0;0,0039;6,88;-;0,0027;0,56;0,78;5,09;0,08;11;91,4;2,2;1,56;0,082;0;8,7;0;0,14;-;-;18,5;0,0027;0,015;0,12;0,067;0,026;3,77;0
Cocktail type punch, 16% alcool;-;-;-;-;-;0,6;0,6;17,8;0,6;17,8;2,89;-;2,97;0,51;0,1;11,4;-;0,5;-;0,11;12,1;0;0,00024;0,00024;0,00024;0,00024;0,00024;0,00024;0,00024;0,00024;0,00024;0,00024;0,00024;0,00024;0,00024;0,00024;0,00024;0,00024;0,00024;-;0,042;13;17,7;0,01;0,06;20;3,1;0,09;13;43;50;16,7;0,26;-;52,9;-;0,08;-;-;1,2;0,021;0,01;0,16;0,053;0,02;5,08;0,077
Cocktail sans alcool (� base de jus de fruits et de sirop);-;-;-;-;86,4;0,5;0,5;12,8;0;11,2;-;-;-;-;-;-;0;0;-;0,29;0,0034;0;0;-;-;-;-;-;-;-;-;-;-;-;-;-;-;-;-;0;0,0075;12,8;-;0,043;0,1;5,43;8,31;0,035;10,9;132;0,36;2;0,034;0;75;0;1;-;-;12;0,17;0,019;2,4;0,9;0,21;30;0,38
Panach� (limonade et bi�re);152;36,2;152;36,2;92,3;0;0;5,63;0;5,4;-;-;-;-;-;-;0;0;0,004;0,17;1,95;0;0;0;0;-;-;-;-;-;-;-;-;-;-;-;-;-;-;0;0,0052;0,77;-;0,0019;0,058;0,87;0,36;0,0008;9,95;18,9;2,2;2,07;0,016;0;0;0;0;-;-;0,08;0,0065;0,036;0,31;0,065;0,022;3,23;0,038
Panach� pr�emball� ( 1� alc.);107;25,4;107;25,4;94;0,48;0,48;4,93;0,05;4,92;0,96;-;0,95;0,2;0,48;2,53;0;0;0,0032;0,07;0,5;0;0;0;0;-;-;-;-;-;-;-;-;-;-;-;-;-;-;0;0,0034;3,42;13,2;0,001;0,006;1;3,07;0,008;9,9;7,47;1,1;1,37;0;0;0;0;0;-;-;0,0035;0,0035;0,012;0,53;0,047;0,033;5;0,033
